SEASON_YEAR,PLAYER_ID,PLAYER_NAME,NICKNAME,TEAM_ID,TEAM_ABBREVIATION,TEAM_NAME,GAME_ID,GAME_DATE,MATCHUP,WL,MIN,FGM,FGA,FG_PCT,FG3M,FG3A,FG3_PCT,FTM,FTA,FT_PCT,OREB,DREB,REB,AST,TOV,STL,BLK,BLKA,PF,PFD,PTS,PLUS_MINUS,NBA_FANTASY_PTS,DD2,TD3,GP_RANK,W_RANK,L_RANK,W_PCT_RANK,MIN_RANK,FGM_RANK,FGA_RANK,FG_PCT_RANK,FG3M_RANK,FG3A_RANK,FG3_PCT_RANK,FTM_RANK,FTA_RANK,FT_PCT_RANK,OREB_RANK,DREB_RANK,REB_RANK,AST_RANK,TOV_RANK,STL_RANK,BLK_RANK,BLKA_RANK,PF_RANK,PFD_RANK,PTS_RANK,PLUS_MINUS_RANK,NBA_FANTASY_PTS_RANK,DD2_RANK,TD3_RANK,VIDEO_AVAILABLE_FLAG
2021-22,203473,Dewayne Dedmon,Dewayne,1610612748,MIA,Miami Heat,0022100521,2022-02-03T00:00:00,MIA @ SAS,W,14.883333333333333,3,6,0.5,1,1,1.0,2,2,1.0,1,2,3,2,1,0,2,1,5,1,9,6,20.6,0,0,1,1,1,1,239,150,176,99,98,190,1,76,97,1,73,163,150,120,106,155,10,186,277,140,154,63,159,27,3,1
2021-22,1629719,Devontae Cacok,Devontae,1610612759,SAS,San Antonio Spurs,0022100521,2022-02-03T00:00:00,SAS vs. MIA,L,8.966666666666667,2,2,1.0,0,0,0.0,4,7,0.571,0,6,6,0,0,0,2,0,0,4,8,4,21.2,0,0,1,148,148,148,274,186,256,1,160,237,160,38,17,124,156,40,71,234,184,155,10,1,1,36,161,88,154,27,3,1
2021-22,200782,P.J. Tucker,P.J.,1610612748,MIA,Miami Heat,0022100521,2022-02-03T00:00:00,MIA @ SAS,W,23.605,3,5,0.6,2,3,0.667,0,0,0.0,0,5,5,1,0,2,0,0,1,1,8,13,21.5,0,0,1,1,1,1,168,150,194,54,57,128,28,157,165,157,156,61,96,169,184,19,101,1,52,140,161,21,149,27,3,1
2021-22,201152,Thaddeus Young,Thaddeus,1610612759,SAS,San Antonio Spurs,0022100521,2022-02-03T00:00:00,SAS vs. MIA,L,24.383333333333333,3,4,0.75,0,0,0.0,1,2,0.5,5,3,8,3,3,2,0,0,2,4,7,-18,24.1,0,0,1,148,148,148,158,150,217,18,160,237,160,125,97,127,9,117,37,76,23,19,101,1,121,36,176,289,131,27,3,1
2021-22,1628401,Derrick White,Derrick,1610612759,SAS,San Antonio Spurs,0022100521,2022-02-03T00:00:00,SAS vs. MIA,L,21.533333333333335,7,11,0.636,4,7,0.571,4,4,1.0,0,4,4,2,6,0,0,0,2,4,22,2,23.8,0,0,1,148,148,148,179,52,94,46,17,33,50,38,55,1,156,87,118,120,2,155,101,1,121,36,38,116,134,27,3,1
2021-22,1629216,Gabe Vincent,Gabe,1610612748,MIA,Miami Heat,0022100521,2022-02-03T00:00:00,MIA @ SAS,W,24.805,3,7,0.429,2,6,0.333,0,0,0.0,0,3,3,3,2,3,1,0,3,1,8,7,26.1,0,0,1,1,1,1,151,150,151,167,57,50,102,157,165,157,156,117,150,76,56,7,27,1,194,140,161,55,117,27,3,1
2021-22,1629130,Duncan Robinson,Duncan,1610612748,MIA,Miami Heat,0022100521,2022-02-03T00:00:00,MIA @ SAS,W,34.35666666666667,5,10,0.5,4,8,0.5,3,3,1.0,0,3,3,3,1,1,0,0,3,1,17,10,27.1,0,0,1,1,1,1,66,94,112,99,17,21,56,55,75,1,156,117,150,76,106,60,101,1,194,140,72,30,114,27,3,1
2021-22,1630200,Tre Jones,Tre,1610612759,SAS,San Antonio Spurs,0022100521,2022-02-03T00:00:00,SAS vs. MIA,L,35.68333333333333,5,10,0.5,0,1,0.0,6,8,0.75,0,1,1,3,0,2,0,0,3,3,16,-22,27.7,0,0,1,148,148,148,49,94,112,99,160,190,160,12,9,95,156,210,232,76,184,19,101,1,194,61,79,294,108,27,3,1
2021-22,202710,Jimmy Butler,Jimmy,1610612748,MIA,Miami Heat,0022100521,2022-02-03T00:00:00,MIA @ SAS,W,25.116666666666667,7,14,0.5,0,1,0.0,3,3,1.0,3,4,7,3,0,0,0,0,3,4,17,6,29.9,0,0,1,1,1,1,149,52,60,99,160,190,160,55,75,1,24,87,50,76,184,155,101,1,194,36,72,63,89,27,3,1
2021-22,1629622,Max Strus,Max,1610612748,MIA,Miami Heat,0022100521,2022-02-03T00:00:00,MIA @ SAS,W,16.033333333333335,2,3,0.667,2,3,0.667,0,0,0.0,0,0,0,2,1,0,0,0,1,0,6,8,8.0,0,0,1,1,1,1,228,186,243,33,57,128,28,157,165,157,156,264,271,120,106,155,101,1,52,217,190,44,254,27,3,1
2021-22,200768,Kyle Lowry,Kyle,1610612748,MIA,Miami Heat,0022100521,2022-02-03T00:00:00,MIA @ SAS,W,25.483333333333334,0,1,0.0,0,0,0.0,2,2,1.0,0,3,3,4,6,1,0,0,2,3,2,4,8.6,0,0,1,1,1,1,145,265,271,265,160,237,160,76,97,1,156,117,150,56,2,60,101,1,121,61,250,88,250,27,3,1
2021-22,1627752,Taurean Prince,Taurean,1610612750,MIN,Minnesota Timberwolves,0022100782,2022-02-03T00:00:00,MIN @ DET,W,24.116666666666667,8,13,0.615,5,6,0.833,2,2,1.0,2,4,6,1,2,1,0,1,5,1,23,2,32.7,0,0,1,1,1,1,161,33,71,51,9,50,20,76,97,1,42,87,71,169,56,60,101,186,277,140,30,116,76,27,3,1
2021-22,1629675,Naz Reid,Naz,1610612750,MIN,Minnesota Timberwolves,0022100782,2022-02-03T00:00:00,MIN @ DET,W,11.815,1,2,0.5,0,0,0.0,0,0,0.0,1,1,2,3,2,0,0,0,1,1,2,7,6.9,0,0,1,1,1,1,255,232,256,99,160,237,160,157,165,157,73,210,191,76,56,155,101,1,52,140,250,55,260,27,3,1
2021-22,1630183,Jaden McDaniels,Jaden,1610612750,MIN,Minnesota Timberwolves,0022100782,2022-02-03T00:00:00,MIN @ DET,W,32.465,4,8,0.5,1,4,0.25,1,1,1.0,1,1,2,2,0,0,0,0,3,1,10,-3,15.4,0,0,1,1,1,1,88,121,135,99,98,104,136,125,150,1,73,210,191,120,184,155,101,1,194,140,140,188,192,27,3,1
2021-22,1628977,Hamidou Diallo,Hamidou,1610612765,DET,Detroit Pistons,0022100782,2022-02-03T00:00:00,DET vs. MIN,L,15.083333333333334,1,3,0.333,0,1,0.0,7,8,0.875,0,3,3,0,0,1,0,0,1,5,9,-8,15.6,0,0,1,148,148,148,237,232,243,209,160,190,160,9,9,78,156,117,150,234,184,60,101,1,52,19,154,238,191,27,3,1
2021-22,203585,Rodney McGruder,Rodney,1610612765,DET,Detroit Pistons,0022100782,2022-02-03T00:00:00,DET vs. MIN,L,17.366666666666667,2,4,0.5,2,4,0.5,0,0,0.0,0,1,1,2,0,0,0,0,3,0,6,-2,10.2,0,0,1,148,148,148,213,186,217,99,57,104,56,157,165,157,156,210,232,120,184,155,101,1,194,217,190,176,235,27,3,1
2021-22,1630180,Saddiq Bey,Saddiq,1610612765,DET,Detroit Pistons,0022100782,2022-02-03T00:00:00,DET vs. MIN,L,32.916666666666664,8,21,0.381,3,11,0.273,2,4,0.5,6,7,13,8,1,1,0,1,2,2,21,-3,50.6,1,0,1,148,148,148,83,33,11,202,33,4,135,76,55,127,4,24,9,13,106,60,101,186,121,95,44,188,9,1,3,1
2021-22,203482,Kelly Olynyk,Kelly,1610612765,DET,Detroit Pistons,0022100782,2022-02-03T00:00:00,DET vs. MIN,L,14.8,2,8,0.25,0,4,0.0,0,0,0.0,1,1,2,2,1,1,1,0,4,0,4,-11,14.4,0,0,1,148,148,148,241,186,135,235,160,104,160,157,165,157,73,210,191,120,106,60,27,1,249,217,226,264,195,27,3,1
2021-22,1626168,Trey Lyles,Trey,1610612765,DET,Detroit Pistons,0022100782,2022-02-03T00:00:00,DET vs. MIN,L,18.016666666666666,4,6,0.667,1,2,0.5,4,4,1.0,0,0,0,0,2,0,0,0,1,2,13,-10,11.0,0,0,1,148,148,148,205,121,176,33,98,155,56,38,55,1,156,264,271,234,56,155,101,1,52,95,107,260,226,27,3,1
2021-22,1630191,Isaiah Stewart,Isaiah,1610612765,DET,Detroit Pistons,0022100782,2022-02-03T00:00:00,DET vs. MIN,L,31.983333333333334,5,9,0.556,0,0,0.0,0,0,0.0,5,8,13,1,1,0,0,1,2,1,10,4,26.1,1,0,1,148,148,148,94,94,120,83,160,237,160,157,165,157,9,17,9,169,106,155,101,186,121,140,140,88,117,1,3,1
2021-22,1626157,Karl-Anthony Towns,Karl-Anthony,1610612750,MIN,Minnesota Timberwolves,0022100782,2022-02-03T00:00:00,MIN @ DET,W,36.185,6,15,0.4,0,4,0.0,9,10,0.9,3,11,14,4,5,0,2,3,0,9,21,4,44.8,1,0,1,1,1,1,45,76,49,187,160,104,160,3,4,74,24,4,7,56,7,155,10,290,1,1,44,88,25,1,3,1
2021-22,1629669,Jaylen Nowell,Jaylen,1610612750,MIN,Minnesota Timberwolves,0022100782,2022-02-03T00:00:00,MIN @ DET,W,13.25,1,4,0.25,1,2,0.5,0,0,0.0,0,1,1,1,0,2,0,0,2,1,3,8,11.7,0,0,1,1,1,1,249,232,217,235,98,155,56,157,165,157,156,210,232,169,184,19,101,1,121,140,240,44,219,27,3,1
2021-22,1630165,Killian Hayes,Killian,1610612765,DET,Detroit Pistons,0022100782,2022-02-03T00:00:00,DET vs. MIN,L,20.15,1,4,0.25,0,1,0.0,0,0,0.0,0,1,1,4,3,0,2,0,2,0,2,-13,12.2,0,0,1,148,148,148,187,232,217,235,160,190,160,157,165,157,156,210,232,56,23,155,10,1,121,217,250,276,217,27,3,1
2021-22,202709,Cory Joseph,Cory,1610612765,DET,Detroit Pistons,0022100782,2022-02-03T00:00:00,DET vs. MIN,L,30.933333333333334,2,6,0.333,1,4,0.25,2,2,1.0,0,4,4,6,3,0,1,0,5,1,7,1,20.8,0,0,1,148,148,148,104,186,176,209,98,104,136,76,97,1,156,87,118,33,23,155,27,1,277,140,176,127,158,27,3,1
2021-22,1629162,Jordan McLaughlin,Jordan,1610612750,MIN,Minnesota Timberwolves,0022100782,2022-02-03T00:00:00,MIN @ DET,W,15.768333333333333,0,1,0.0,0,1,0.0,2,2,1.0,0,1,1,8,0,2,0,0,0,1,2,19,21.2,0,0,1,1,1,1,231,265,271,265,160,190,160,76,97,1,156,210,232,13,184,19,101,1,1,140,250,7,154,27,3,1
2021-22,1627736,Malik Beasley,Malik,1610612750,MIN,Minnesota Timberwolves,0022100782,2022-02-03T00:00:00,MIN @ DET,W,19.916666666666668,6,9,0.667,4,5,0.8,2,2,1.0,0,1,1,2,0,1,0,1,0,1,18,13,25.2,0,0,1,1,1,1,189,76,120,33,17,74,21,76,97,1,156,210,232,120,184,60,101,186,1,140,63,21,126,27,3,1
2021-22,1629020,Jarred Vanderbilt,Jarred,1610612750,MIN,Minnesota Timberwolves,0022100782,2022-02-03T00:00:00,MIN @ DET,W,23.551666666666666,5,6,0.833,0,0,0.0,3,4,0.75,1,5,6,0,2,2,1,0,3,3,13,8,27.2,0,0,1,1,1,1,170,94,176,11,160,237,160,55,55,95,73,61,71,234,56,19,27,1,194,61,107,44,112,27,3,1
2021-22,201976,Patrick Beverley,Patrick,1610612750,MIN,Minnesota Timberwolves,0022100782,2022-02-03T00:00:00,MIN @ DET,W,28.75,4,8,0.5,2,3,0.667,1,2,0.5,1,5,6,7,1,2,0,1,1,3,11,-3,33.7,0,0,1,1,1,1,128,121,135,99,57,128,28,125,97,127,73,61,71,21,106,19,101,186,52,61,127,188,71,27,3,1
2021-22,203924,Jerami Grant,Jerami,1610612765,DET,Detroit Pistons,0022100782,2022-02-03T00:00:00,DET vs. MIN,L,31.516666666666666,7,16,0.438,3,8,0.375,3,5,0.6,0,5,5,1,3,0,2,1,2,3,20,-4,30.5,0,0,1,148,148,148,100,52,37,166,33,21,98,55,43,121,156,61,96,169,23,155,10,186,121,61,54,198,85,27,3,1
2021-22,1630162,Anthony Edwards,Anthony,1610612750,MIN,Minnesota Timberwolves,0022100782,2022-02-03T00:00:00,MIN @ DET,W,34.181666666666665,9,21,0.429,2,9,0.222,5,5,1.0,0,3,3,1,2,1,0,0,3,3,25,0,31.1,0,0,1,1,1,1,67,22,11,167,57,15,144,22,43,1,156,117,150,169,56,60,101,1,194,61,21,140,84,27,3,1
2021-22,203897,Zach LaVine,Zach,1610612741,CHI,Chicago Bulls,0022100430,2022-02-03T00:00:00,CHI @ TOR,L,42.13333333333333,6,10,0.6,2,4,0.5,1,2,0.5,0,5,5,7,2,2,1,0,5,1,15,4,38.5,0,0,1,148,148,148,8,76,112,54,57,104,56,125,97,127,156,61,96,21,56,19,27,1,277,140,87,88,49,27,3,1
2021-22,1629744,Matt Thomas,Matt,1610612741,CHI,Chicago Bulls,0022100430,2022-02-03T00:00:00,CHI @ TOR,L,10.7,0,0,0.0,0,0,0.0,0,0,0.0,0,3,3,0,0,0,1,0,0,0,0,-4,6.6,0,0,1,148,148,148,265,265,283,265,160,237,160,157,165,157,156,117,150,234,184,155,27,1,1,217,274,198,263,27,3,1
2021-22,1628396,Tony Bradley,Tony,1610612741,CHI,Chicago Bulls,0022100430,2022-02-03T00:00:00,CHI @ TOR,L,10.716666666666667,0,0,0.0,0,0,0.0,0,0,0.0,2,1,3,0,2,0,2,0,1,0,0,1,7.6,0,0,1,148,148,148,264,265,283,265,160,237,160,157,165,157,42,210,150,234,56,155,10,1,52,217,274,127,256,27,3,1
2021-22,203920,Khem Birch,Khem,1610612761,TOR,Toronto Raptors,0022100430,2022-02-03T00:00:00,TOR vs. CHI,W,4.8,0,0,0.0,0,0,0.0,0,0,0.0,1,1,2,0,0,0,0,0,1,0,0,-1,2.4,0,0,1,1,1,1,283,265,283,265,160,237,160,157,165,157,73,210,191,234,184,155,101,1,52,217,274,159,282,27,3,1
2021-22,1629076,Tyler Cook,Tyler,1610612741,CHI,Chicago Bulls,0022100430,2022-02-03T00:00:00,CHI @ TOR,L,3.283333333333333,1,2,0.5,0,0,0.0,0,0,0.0,1,0,1,0,0,0,0,0,0,0,2,-1,3.2,0,0,1,148,148,148,288,232,256,99,160,237,160,157,165,157,73,264,232,234,184,155,101,1,1,217,250,159,277,27,3,1
2021-22,1628972,Troy Brown Jr.,Troy,1610612741,CHI,Chicago Bulls,0022100430,2022-02-03T00:00:00,CHI @ TOR,L,16.2,2,6,0.333,1,4,0.25,0,0,0.0,2,2,4,0,0,0,0,0,1,0,5,-13,9.8,0,0,1,148,148,148,224,186,176,209,98,104,136,157,165,157,42,163,118,234,184,155,101,1,52,217,210,276,240,27,3,1
2021-22,1630625,Dalano Banton,Dalano,1610612761,TOR,Toronto Raptors,0022100430,2022-02-03T00:00:00,TOR vs. CHI,W,10.966666666666667,1,5,0.2,0,2,0.0,0,0,0.0,3,3,6,1,0,1,0,1,1,0,2,1,13.7,0,0,1,1,1,1,261,232,194,251,160,155,160,157,165,157,24,117,71,169,184,60,101,186,52,217,250,127,204,27,3,1
2021-22,1628449,Chris Boucher,Chris,1610612761,TOR,Toronto Raptors,0022100430,2022-02-03T00:00:00,TOR vs. CHI,W,24.753333333333334,8,14,0.571,0,1,0.0,0,0,0.0,5,5,10,1,0,2,1,0,1,3,16,15,38.5,1,0,1,1,1,1,153,33,60,67,160,190,160,157,165,157,9,61,27,169,184,19,27,1,52,61,79,12,49,1,3,1
2021-22,202696,Nikola Vucevic,Nikola,1610612741,CHI,Chicago Bulls,0022100430,2022-02-03T00:00:00,CHI @ TOR,L,39.0,13,21,0.619,4,6,0.667,0,0,0.0,4,14,18,4,3,1,1,0,3,2,30,-7,60.6,1,0,1,148,148,148,20,4,11,50,17,50,28,157,165,157,18,2,1,56,23,60,27,1,194,95,6,224,5,1,3,1
2021-22,1627783,Pascal Siakam,Pascal,1610612761,TOR,Toronto Raptors,0022100430,2022-02-03T00:00:00,TOR vs. CHI,W,45.28333333333333,9,22,0.409,1,4,0.25,6,7,0.857,5,8,13,7,3,2,1,2,4,6,25,4,57.1,1,0,1,1,1,1,1,22,9,185,98,104,136,12,17,81,9,17,9,21,23,19,27,269,249,11,21,88,7,1,3,1
2021-22,1629632,Coby White,Coby,1610612741,CHI,Chicago Bulls,0022100430,2022-02-03T00:00:00,CHI @ TOR,L,22.883333333333333,6,15,0.4,4,8,0.5,0,0,0.0,0,1,1,2,2,0,0,1,3,1,16,-19,18.2,0,0,1,148,148,148,173,76,49,187,17,21,56,157,165,157,156,210,232,120,56,155,101,186,194,140,79,290,173,27,3,1
2021-22,1627832,Fred VanVleet,Fred,1610612761,TOR,Toronto Raptors,0022100430,2022-02-03T00:00:00,TOR vs. CHI,W,42.03333333333333,6,19,0.316,3,9,0.333,6,6,1.0,0,4,4,9,4,2,0,0,1,4,21,6,41.3,0,0,1,1,1,1,11,76,20,224,33,15,102,12,27,1,156,87,118,7,9,19,101,1,52,36,44,63,37,27,3,1
2021-22,1630173,Precious Achiuwa,Precious,1610612761,TOR,Toronto Raptors,0022100430,2022-02-03T00:00:00,TOR vs. CHI,W,18.066666666666666,2,9,0.222,0,0,0.0,1,1,1.0,5,6,11,1,0,0,1,2,1,1,5,3,22.7,0,0,1,1,1,1,204,186,120,247,160,237,160,125,150,1,9,40,22,169,184,155,27,269,52,140,210,104,138,27,3,1
2021-22,1630245,Ayo Dosunmu,Ayo,1610612741,CHI,Chicago Bulls,0022100430,2022-02-03T00:00:00,CHI @ TOR,L,42.3,5,12,0.417,1,5,0.2,0,0,0.0,0,4,4,8,3,0,1,1,4,0,11,-2,27.8,0,0,1,148,148,148,6,94,83,176,98,74,145,157,165,157,156,87,118,13,23,155,27,186,249,217,127,176,107,27,3,1
2021-22,1629018,Gary Trent Jr.,Gary,1610612761,TOR,Toronto Raptors,0022100430,2022-02-03T00:00:00,TOR vs. CHI,W,40.0,5,13,0.385,3,8,0.375,3,3,1.0,0,3,3,3,1,2,0,0,4,2,16,6,29.1,0,0,1,1,1,1,17,94,71,200,33,21,98,55,75,1,156,117,150,76,106,19,101,1,249,95,79,63,97,27,3,1
2021-22,1628384,OG Anunoby,OG,1610612761,TOR,Toronto Raptors,0022100430,2022-02-03T00:00:00,TOR vs. CHI,W,42.13333333333333,8,15,0.533,5,8,0.625,0,0,0.0,0,1,1,6,3,1,1,1,2,0,21,9,34.2,0,0,1,1,1,1,8,33,49,95,9,21,38,157,165,157,156,210,232,33,23,60,27,186,121,217,44,38,67,27,3,1
2021-22,1629750,Javonte Green,Javonte,1610612741,CHI,Chicago Bulls,0022100430,2022-02-03T00:00:00,CHI @ TOR,L,33.18333333333333,3,7,0.429,0,1,0.0,7,8,0.875,1,5,6,2,1,3,1,2,1,4,13,4,34.2,0,0,1,148,148,148,79,150,151,167,160,190,160,9,9,78,73,61,71,120,106,7,27,269,52,36,107,88,67,27,3,1
2021-22,1630567,Scottie Barnes,Scottie,1610612761,TOR,Toronto Raptors,0022100430,2022-02-03T00:00:00,TOR vs. CHI,W,36.96333333333333,9,16,0.563,2,4,0.5,1,2,0.5,3,5,8,2,1,0,1,1,2,3,21,-8,35.6,0,0,1,1,1,1,34,22,37,80,57,104,56,125,97,127,24,61,37,120,106,155,27,186,121,61,44,238,62,27,3,1
2021-22,201942,DeMar DeRozan,DeMar,1610612741,CHI,Chicago Bulls,0022100430,2022-02-03T00:00:00,CHI @ TOR,L,44.6,7,17,0.412,0,1,0.0,14,14,1.0,0,6,6,7,4,2,0,1,1,9,28,2,47.7,0,0,1,148,148,148,2,52,30,182,160,190,160,1,1,1,156,40,71,21,9,19,101,186,52,1,14,116,18,27,3,1
2021-22,1629639,Tyler Herro,Tyler,1610612748,MIA,Miami Heat,0022100521,2022-02-03T00:00:00,MIA @ SAS,W,31.866666666666667,11,20,0.55,0,5,0.0,2,2,1.0,0,5,5,5,1,2,0,2,1,2,24,20,42.5,0,0,1,1,1,1,95,9,15,86,160,74,160,76,97,1,156,61,96,44,106,19,101,269,52,95,26,4,33,27,3,1
2021-22,1630580,Joe Wieskamp,Joe,1610612759,SAS,San Antonio Spurs,0022100521,2022-02-03T00:00:00,SAS vs. MIA,L,10.916666666666666,2,4,0.5,1,1,1.0,0,0,0.0,0,0,0,0,1,0,0,1,0,0,5,8,4.0,0,0,1,148,148,148,262,186,217,99,98,190,1,157,165,157,156,264,271,234,106,155,101,186,1,217,210,44,274,27,3,1
2021-22,1629657,Kyle Guy,Kyle,1610612748,MIA,Miami Heat,0022100521,2022-02-03T00:00:00,MIA @ SAS,W,6.966666666666667,1,3,0.333,1,2,0.5,0,0,0.0,1,1,2,0,0,0,0,1,1,0,3,-7,5.4,0,0,1,1,1,1,277,232,243,209,98,155,56,157,165,157,73,210,191,234,184,155,101,186,52,217,240,224,269,27,3,1
2021-22,1629234,Drew Eubanks,Drew,1610612759,SAS,San Antonio Spurs,0022100521,2022-02-03T00:00:00,SAS vs. MIA,L,17.283333333333335,2,3,0.667,0,0,0.0,3,6,0.5,2,3,5,1,1,0,1,0,2,4,7,-7,16.5,0,0,1,148,148,148,215,186,243,33,160,237,160,55,27,127,42,117,96,169,106,155,27,1,121,36,176,224,181,27,3,1
2021-22,1629735,Chris Silva,Chris,1610612748,MIA,Miami Heat,0022100521,2022-02-03T00:00:00,MIA @ SAS,W,6.333333333333333,0,1,0.0,0,0,0.0,0,0,0.0,0,0,0,1,0,0,0,0,3,1,0,-8,1.5,0,0,1,1,1,1,279,265,271,265,160,237,160,157,165,157,156,264,271,169,184,155,101,1,194,140,274,238,284,27,3,1
2021-22,1629640,Keldon Johnson,Keldon,1610612759,SAS,San Antonio Spurs,0022100521,2022-02-03T00:00:00,SAS vs. MIA,L,23.566666666666666,3,12,0.25,1,8,0.125,0,1,0.0,0,3,3,3,1,0,0,0,2,1,7,-11,14.1,0,0,1,148,148,148,169,150,83,235,98,21,158,157,150,157,156,117,150,76,106,155,101,1,121,140,176,264,201,27,3,1
2021-22,1630563,Joshua Primo,Joshua,1610612759,SAS,San Antonio Spurs,0022100521,2022-02-03T00:00:00,SAS vs. MIA,L,26.766666666666666,1,13,0.077,0,6,0.0,2,2,1.0,3,2,5,2,2,0,1,0,4,2,4,-19,14.0,0,0,1,148,148,148,136,232,71,264,160,50,160,76,97,1,24,163,96,120,56,155,27,1,249,95,226,290,202,27,3,1
2021-22,1628389,Bam Adebayo,Bam,1610612748,MIA,Miami Heat,0022100521,2022-02-03T00:00:00,MIA @ SAS,W,30.55,7,13,0.538,0,1,0.0,4,6,0.667,2,9,11,3,1,4,0,1,4,5,18,26,46.7,1,0,1,1,1,1,108,52,71,90,160,190,160,38,27,107,42,15,22,76,106,2,101,186,249,19,63,1,20,1,3,1
2021-22,1627823,Juancho Hernangomez,Juancho,1610612759,SAS,San Antonio Spurs,0022100521,2022-02-03T00:00:00,SAS vs. MIA,L,21.8,1,2,0.5,0,1,0.0,3,4,0.75,1,5,6,2,0,0,1,0,0,2,5,-2,18.2,0,0,1,148,148,148,177,232,256,99,160,190,160,55,55,95,73,61,71,120,184,155,27,1,1,95,210,176,173,27,3,1
2021-22,1629022,Lonnie Walker IV,Lonnie,1610612759,SAS,San Antonio Spurs,0022100521,2022-02-03T00:00:00,SAS vs. MIA,L,26.55,2,10,0.2,1,3,0.333,2,2,1.0,1,1,2,2,2,3,0,1,2,1,7,-12,19.4,0,0,1,148,148,148,138,186,112,251,98,128,102,76,97,1,73,210,191,120,56,7,101,186,121,140,176,271,164,27,3,1
2021-22,1630170,Devin Vassell,Devin,1610612759,SAS,San Antonio Spurs,0022100521,2022-02-03T00:00:00,SAS vs. MIA,L,22.55,2,9,0.222,1,6,0.167,2,2,1.0,0,3,3,3,1,2,0,1,2,2,7,-8,20.1,0,0,1,148,148,148,175,186,120,247,98,50,151,76,97,1,156,117,150,76,106,19,101,186,121,95,176,238,162,27,3,1
2021-22,1629673,Jordan Poole,Jordan,1610612744,GSW,Golden State Warriors,0022100785,2022-02-03T00:00:00,GSW vs. SAC,W,25.248333333333335,4,8,0.5,0,4,0.0,4,4,1.0,2,3,5,3,4,2,1,0,0,3,12,1,27.5,0,0,1,1,1,1,148,121,135,99,160,104,160,38,55,1,42,117,96,76,9,19,27,1,1,61,119,127,109,27,3,1
2021-22,1630228,Jonathan Kuminga,Jonathan,1610612744,GSW,Golden State Warriors,0022100785,2022-02-03T00:00:00,GSW vs. SAC,W,25.933333333333334,8,10,0.8,0,2,0.0,2,4,0.5,1,6,7,1,2,1,0,0,6,4,18,15,28.9,0,0,1,1,1,1,142,33,112,15,160,155,160,76,55,127,73,40,50,169,56,60,101,1,293,36,63,12,98,27,3,1
2021-22,1630169,Tyrese Haliburton,Tyrese,1610612758,SAC,Sacramento Kings,0022100785,2022-02-03T00:00:00,SAC @ GSW,L,36.395,3,11,0.273,2,6,0.333,2,2,1.0,1,5,6,6,3,2,0,1,2,2,10,-5,29.2,0,0,1,148,148,148,42,150,94,232,57,50,102,76,97,1,73,61,71,33,23,19,101,186,121,95,140,208,95,27,3,1
2021-22,203084,Harrison Barnes,Harrison,1610612758,SAC,Sacramento Kings,0022100785,2022-02-03T00:00:00,SAC @ GSW,L,39.3,8,11,0.727,1,3,0.333,8,9,0.889,1,4,5,3,3,1,0,0,1,7,25,4,35.5,0,0,1,148,148,148,19,33,94,23,98,128,102,6,7,77,73,87,96,76,23,60,101,1,52,7,21,88,63,27,3,1
2021-22,201939,Stephen Curry,Stephen,1610612744,GSW,Golden State Warriors,0022100785,2022-02-03T00:00:00,GSW vs. SAC,W,31.678333333333335,7,11,0.636,4,7,0.571,2,2,1.0,0,1,1,7,4,2,0,0,4,3,20,21,33.7,0,0,1,1,1,1,98,52,94,46,17,33,50,76,97,1,156,210,232,21,9,19,101,1,249,61,54,2,71,27,3,1
2021-22,1627741,Buddy Hield,Buddy,1610612758,SAC,Sacramento Kings,0022100785,2022-02-03T00:00:00,SAC @ GSW,L,26.5,2,8,0.25,2,6,0.333,0,0,0.0,0,2,2,1,1,0,0,1,2,0,6,-11,8.9,0,0,1,148,148,148,139,186,135,235,57,50,102,157,165,157,156,163,191,169,106,155,101,186,121,217,190,264,247,27,3,1
2021-22,1627745,Damian Jones,Damian,1610612758,SAC,Sacramento Kings,0022100785,2022-02-03T00:00:00,SAC @ GSW,L,23.966666666666665,6,8,0.75,1,1,1.0,4,5,0.8,2,2,4,5,1,1,2,1,0,3,17,-9,37.3,0,0,1,148,148,148,163,76,135,18,98,190,1,38,43,90,42,163,118,44,106,60,10,186,1,61,72,251,58,27,3,1
2021-22,202691,Klay Thompson,Klay,1610612744,GSW,Golden State Warriors,0022100785,2022-02-03T00:00:00,GSW vs. SAC,W,23.763333333333332,8,11,0.727,7,9,0.778,0,0,0.0,0,5,5,7,2,0,0,0,3,0,23,20,37.5,0,0,1,1,1,1,166,33,94,23,2,15,24,157,165,157,156,61,96,21,56,155,101,1,194,217,30,4,54,27,3,1
2021-22,1630558,Davion Mitchell,Davion,1610612758,SAC,Sacramento Kings,0022100785,2022-02-03T00:00:00,SAC @ GSW,L,37.805,11,17,0.647,3,5,0.6,1,3,0.333,0,0,0,8,2,1,0,0,4,3,26,-7,39.0,0,0,1,148,148,148,30,9,30,44,33,74,39,125,75,149,156,264,271,13,56,60,101,1,249,61,16,224,47,27,3,1
2021-22,202694,Marcus Morris Sr.,Marcus,1610612746,LAC,LA Clippers,0022100786,2022-02-03T00:00:00,LAC vs. LAL,W,36.333333333333336,11,16,0.688,6,7,0.857,1,4,0.25,1,6,7,3,0,0,0,0,1,3,29,8,41.9,0,0,1,1,1,1,43,9,37,32,3,33,19,125,55,154,73,40,50,76,184,155,101,1,52,61,11,44,34,27,3,1
2021-22,1630527,Brandon Boston Jr.,Brandon,1610612746,LAC,LA Clippers,0022100786,2022-02-03T00:00:00,LAC vs. LAL,W,10.45,1,4,0.25,0,2,0.0,0,0,0.0,0,0,0,1,0,0,0,0,2,0,2,-8,3.5,0,0,1,1,1,1,267,232,217,235,160,155,160,157,165,157,156,264,271,169,184,155,101,1,121,217,250,238,276,27,3,1
2021-22,202340,Avery Bradley,Avery,1610612747,LAL,Los Angeles Lakers,0022100786,2022-02-03T00:00:00,LAL @ LAC,L,19.516666666666666,2,4,0.5,2,3,0.667,0,0,0.0,0,0,0,0,2,0,0,1,2,0,6,-13,4.0,0,0,1,148,148,148,194,186,217,99,57,128,28,157,165,157,156,264,271,234,56,155,101,186,121,217,190,276,274,27,3,1
2021-22,2772,Trevor Ariza,Trevor,1610612747,LAL,Los Angeles Lakers,0022100786,2022-02-03T00:00:00,LAL @ LAC,L,17.433333333333334,1,2,0.5,1,2,0.5,2,2,1.0,0,1,1,0,0,0,0,0,2,1,5,14,6.2,0,0,1,148,148,148,212,232,256,99,98,155,56,76,97,1,156,210,232,234,184,155,101,1,121,140,210,16,265,27,3,1
2021-22,1628379,Luke Kennard,Luke,1610612746,LAC,LA Clippers,0022100786,2022-02-03T00:00:00,LAC vs. LAL,W,29.466666666666665,4,7,0.571,2,4,0.5,0,1,0.0,0,2,2,3,2,0,0,1,2,0,10,-5,14.9,0,0,1,1,1,1,117,121,151,67,57,104,56,157,150,157,156,163,191,76,56,155,101,186,121,217,140,208,193,27,3,1
2021-22,2730,Dwight Howard,Dwight,1610612747,LAL,Los Angeles Lakers,0022100786,2022-02-03T00:00:00,LAL @ LAC,L,10.183333333333334,2,2,1.0,0,0,0.0,3,5,0.6,1,3,4,1,0,1,0,0,1,5,7,5,16.3,0,0,1,148,148,148,270,186,256,1,160,237,160,55,43,121,73,117,118,169,184,60,101,1,52,19,176,79,186,27,3,1
2021-22,1629659,Talen Horton-Tucker,Talen,1610612747,LAL,Los Angeles Lakers,0022100786,2022-02-03T00:00:00,LAL @ LAC,L,20.616666666666667,4,7,0.571,1,2,0.5,0,0,0.0,0,2,2,2,1,0,1,0,0,1,9,0,16.4,0,0,1,148,148,148,183,121,151,67,98,155,56,157,165,157,156,163,191,120,106,155,27,1,1,140,154,140,182,27,3,1
2021-22,2546,Carmelo Anthony,Carmelo,1610612747,LAL,Los Angeles Lakers,0022100786,2022-02-03T00:00:00,LAL @ LAC,L,11.116666666666667,2,4,0.5,2,3,0.667,1,2,0.5,0,2,2,0,2,0,1,0,0,2,7,0,10.4,0,0,1,148,148,148,259,186,217,99,57,128,28,125,97,127,156,163,191,234,56,155,27,1,1,95,176,140,233,27,3,1
2021-22,203145,Kent Bazemore,Kent,1610612747,LAL,Los Angeles Lakers,0022100786,2022-02-03T00:00:00,LAL @ LAC,L,6.683333333333334,0,3,0.0,0,2,0.0,1,2,0.5,0,0,0,1,0,0,0,0,0,1,1,0,2.5,0,0,1,148,148,148,278,265,243,265,160,155,160,125,97,127,156,264,271,169,184,155,101,1,1,140,272,140,281,27,3,1
2021-22,203076,Anthony Davis,Anthony,1610612747,LAL,Los Angeles Lakers,0022100786,2022-02-03T00:00:00,LAL @ LAC,L,37.81666666666667,12,24,0.5,0,2,0.0,6,7,0.857,7,10,17,2,1,2,2,1,2,4,30,-6,64.4,1,0,1,148,148,148,29,6,6,99,160,155,160,12,17,81,2,10,3,120,106,19,10,186,121,36,6,216,3,1,3,1
2021-22,1628392,Isaiah Hartenstein,Isaiah,1610612746,LAC,LA Clippers,0022100786,2022-02-03T00:00:00,LAC vs. LAL,W,14.216666666666667,3,6,0.5,0,0,0.0,0,0,0.0,2,4,6,2,0,1,0,2,3,1,6,-12,19.2,0,0,1,1,1,1,246,150,176,99,160,237,160,157,165,157,42,87,71,120,184,60,101,269,194,140,190,271,165,27,3,1
2021-22,1626169,Stanley Johnson,Stanley,1610612747,LAL,Los Angeles Lakers,0022100786,2022-02-03T00:00:00,LAL @ LAC,L,22.6,1,3,0.333,0,1,0.0,0,0,0.0,0,3,3,0,1,2,1,1,2,1,2,-9,13.6,0,0,1,148,148,148,174,232,243,209,160,190,160,157,165,157,156,117,150,234,106,19,27,186,121,140,250,251,208,27,3,1
2021-22,1630559,Austin Reaves,Austin,1610612747,LAL,Los Angeles Lakers,0022100786,2022-02-03T00:00:00,LAL @ LAC,L,25.333333333333332,2,2,1.0,1,1,1.0,0,0,0.0,1,1,2,2,1,0,1,0,2,2,5,6,12.4,0,0,1,148,148,148,146,186,256,1,98,190,1,157,165,157,73,210,191,120,106,155,27,1,121,95,210,63,216,27,3,1
2021-22,202339,Eric Bledsoe,Eric,1610612746,LAC,LA Clippers,0022100786,2022-02-03T00:00:00,LAC vs. LAL,W,19.75,3,8,0.375,0,2,0.0,1,1,1.0,1,2,3,7,1,1,0,1,2,2,7,-5,23.1,0,0,1,1,1,1,192,150,135,203,160,155,160,125,150,1,73,163,150,21,106,60,101,186,121,95,176,208,136,27,3,1
2021-22,201587,Nicolas Batum,Nicolas,1610612746,LAC,LA Clippers,0022100786,2022-02-03T00:00:00,LAC vs. LAL,W,25.683333333333334,2,6,0.333,0,2,0.0,0,0,0.0,1,2,3,3,1,2,3,0,0,0,4,3,26.1,0,0,1,1,1,1,144,186,176,209,160,155,160,157,165,157,73,163,150,76,106,19,4,1,1,217,226,104,117,27,3,1
2021-22,201566,Russell Westbrook,Russell,1610612747,LAL,Los Angeles Lakers,0022100786,2022-02-03T00:00:00,LAL @ LAC,L,35.615,7,18,0.389,1,5,0.2,2,3,0.667,1,5,6,4,2,1,0,2,0,2,17,5,31.2,0,0,1,148,148,148,52,52,23,197,98,74,145,76,75,107,73,61,71,56,56,60,101,269,1,95,72,79,83,27,3,1
2021-22,1629611,Terance Mann,Terance,1610612746,LAC,LA Clippers,0022100786,2022-02-03T00:00:00,LAC vs. LAL,W,13.735,2,4,0.5,1,3,0.333,0,0,0.0,0,2,2,1,1,0,0,0,2,1,5,-1,7.9,0,0,1,1,1,1,247,186,217,99,98,128,102,157,165,157,156,163,191,169,106,155,101,1,121,140,210,159,255,27,3,1
2021-22,1629599,Amir Coffey,Amir,1610612746,LAC,LA Clippers,0022100786,2022-02-03T00:00:00,LAC vs. LAL,W,23.666666666666668,1,3,0.333,1,1,1.0,0,0,0.0,0,4,4,1,0,0,0,0,0,0,3,8,9.3,0,0,1,1,1,1,167,232,243,209,98,190,1,157,165,157,156,87,118,169,184,155,101,1,1,217,240,44,243,27,3,1
2021-22,202704,Reggie Jackson,Reggie,1610612746,LAC,LA Clippers,0022100786,2022-02-03T00:00:00,LAC vs. LAL,W,33.083333333333336,10,20,0.5,3,7,0.429,2,2,1.0,1,7,8,6,1,1,1,1,5,3,25,7,48.6,0,0,1,1,1,1,82,14,15,99,33,33,86,76,97,1,73,24,37,33,106,60,27,186,277,61,21,55,14,27,3,1
2021-22,201586,Serge Ibaka,Serge,1610612746,LAC,LA Clippers,0022100786,2022-02-03T00:00:00,LAC vs. LAL,W,33.615,9,15,0.6,0,2,0.0,2,3,0.667,1,7,8,2,1,0,2,1,5,3,20,10,37.6,0,0,1,1,1,1,74,22,49,54,160,155,160,76,75,107,73,24,37,120,106,155,10,186,277,61,54,30,52,27,3,1
2021-22,1628370,Malik Monk,Malik,1610612747,LAL,Los Angeles Lakers,0022100786,2022-02-03T00:00:00,LAL @ LAC,L,33.085,8,19,0.421,3,8,0.375,2,4,0.5,1,6,7,7,0,0,0,1,2,3,21,-7,39.9,0,0,1,148,148,148,81,33,20,175,33,21,98,76,55,127,73,40,50,21,184,155,101,186,121,61,44,224,44,27,3,1
2021-22,1628402,Frank Jackson,Frank,1610612765,DET,Detroit Pistons,0022100782,2022-02-03T00:00:00,DET vs. MIN,L,27.233333333333334,8,14,0.571,5,11,0.455,4,5,0.8,1,2,3,3,1,0,0,0,2,4,25,-9,32.1,0,0,1,148,148,148,133,33,60,67,9,4,83,38,43,90,73,163,150,76,106,155,101,1,121,36,21,251,78,27,3,1
2021-22,1628969,Mikal Bridges,Mikal,1610612756,PHX,Phoenix Suns,0022100783,2022-02-03T00:00:00,PHX @ ATL,L,40.05833333333333,9,17,0.529,2,7,0.286,4,4,1.0,2,6,8,4,3,2,0,0,2,2,24,3,42.6,0,0,1,148,148,148,16,22,30,96,57,33,131,38,55,1,42,40,37,56,23,19,101,1,121,95,26,104,32,27,3,1
2021-22,1630688,Ish Wainright,Ish,1610612756,PHX,Phoenix Suns,0022100783,2022-02-03T00:00:00,PHX @ ATL,L,5.85,0,1,0.0,0,1,0.0,0,0,0.0,0,0,0,0,0,0,0,0,1,1,0,-4,0.0,0,0,1,148,148,148,280,265,271,265,160,190,160,157,165,157,156,264,271,234,184,155,101,1,52,140,274,198,286,27,3,1
2021-22,1629631,De'Andre Hunter,De'Andre,1610612737,ATL,Atlanta Hawks,0022100783,2022-02-03T00:00:00,ATL vs. PHX,W,21.45,4,7,0.571,1,1,1.0,4,7,0.571,0,2,2,1,1,0,0,0,5,4,13,-1,15.9,0,0,1,1,1,1,180,121,151,67,98,190,1,38,17,124,156,163,191,169,106,155,101,1,277,36,107,159,187,27,3,1
2021-22,201580,JaVale McGee,JaVale,1610612756,PHX,Phoenix Suns,0022100783,2022-02-03T00:00:00,PHX @ ATL,L,16.083333333333332,5,5,1.0,0,0,0.0,2,3,0.667,0,2,2,0,1,0,1,0,1,2,12,-12,16.4,0,0,1,148,148,148,226,94,194,1,160,237,160,76,75,107,156,163,191,234,106,155,27,1,52,95,119,271,182,27,3,1
2021-22,1626153,Delon Wright,Delon,1610612737,ATL,Atlanta Hawks,0022100783,2022-02-03T00:00:00,ATL vs. PHX,W,15.863333333333333,0,2,0.0,0,1,0.0,0,0,0.0,0,2,2,1,0,1,0,0,0,1,0,7,6.9,0,0,1,1,1,1,230,265,256,265,160,190,160,157,165,157,156,163,191,169,184,60,101,1,1,140,274,55,260,27,3,1
2021-22,1630188,Jalen Smith,Jalen,1610612756,PHX,Phoenix Suns,0022100783,2022-02-03T00:00:00,PHX @ ATL,L,3.5,0,0,0.0,0,0,0.0,0,0,0.0,0,0,0,0,0,0,0,0,1,0,0,-5,0.0,0,0,1,148,148,148,287,265,283,265,160,237,160,157,165,157,156,264,271,234,184,155,101,1,52,217,274,208,286,27,3,1
2021-22,1630168,Onyeka Okongwu,Onyeka,1610612737,ATL,Atlanta Hawks,0022100783,2022-02-03T00:00:00,ATL vs. PHX,W,14.833333333333334,0,1,0.0,0,0,0.0,1,2,0.5,2,2,4,1,1,1,0,1,2,1,1,8,9.3,0,0,1,1,1,1,240,265,271,265,160,237,160,125,97,127,42,163,118,169,106,60,101,186,121,140,272,44,243,27,3,1
2021-22,101108,Chris Paul,Chris,1610612756,PHX,Phoenix Suns,0022100783,2022-02-03T00:00:00,PHX @ ATL,L,38.93333333333333,7,14,0.5,1,5,0.2,3,4,0.75,0,4,4,12,0,3,0,0,5,6,18,-4,49.8,1,0,1,148,148,148,22,52,60,99,98,74,145,55,55,95,156,87,118,1,184,7,101,1,277,11,63,198,10,1,3,1
2021-22,1628381,John Collins,John,1610612737,ATL,Atlanta Hawks,0022100783,2022-02-03T00:00:00,ATL vs. PHX,W,31.35,8,13,0.615,3,5,0.6,0,0,0.0,3,7,10,1,2,0,0,1,3,3,19,4,30.5,1,0,1,1,1,1,102,33,71,51,33,74,39,157,165,157,24,24,27,169,56,155,101,186,194,61,58,88,85,1,3,1
2021-22,203901,Elfrid Payton,Elfrid,1610612756,PHX,Phoenix Suns,0022100783,2022-02-03T00:00:00,PHX @ ATL,L,10.0,0,1,0.0,0,0,0.0,0,0,0.0,0,2,2,7,3,1,0,0,0,1,0,-8,12.9,0,0,1,148,148,148,271,265,271,265,160,237,160,157,165,157,156,163,191,21,23,60,101,1,1,140,274,238,214,27,3,1
2021-22,203109,Jae Crowder,Jae,1610612756,PHX,Phoenix Suns,0022100783,2022-02-03T00:00:00,PHX @ ATL,L,33.583333333333336,4,9,0.444,2,6,0.333,0,0,0.0,2,4,6,0,1,1,1,0,2,0,10,1,22.2,0,0,1,148,148,148,76,121,120,158,57,50,102,157,165,157,42,87,71,234,106,60,27,1,121,217,140,127,141,27,3,1
2021-22,203992,Bogdan Bogdanovic,Bogdan,1610612737,ATL,Atlanta Hawks,0022100783,2022-02-03T00:00:00,ATL vs. PHX,W,35.68333333333333,4,8,0.5,3,7,0.429,0,0,0.0,0,2,2,6,4,1,0,0,4,0,11,14,21.4,0,0,1,1,1,1,49,121,135,99,33,33,86,157,165,157,156,163,191,33,9,60,101,1,249,217,127,16,151,27,3,1
2021-22,201568,Danilo Gallinari,Danilo,1610612737,ATL,Atlanta Hawks,0022100783,2022-02-03T00:00:00,ATL vs. PHX,W,23.003333333333334,3,9,0.333,2,6,0.333,4,4,1.0,0,6,6,3,1,1,0,0,3,3,12,10,25.7,0,0,1,1,1,1,172,150,120,209,57,50,102,38,55,1,156,40,71,76,106,60,101,1,194,61,119,30,124,27,3,1
2021-22,1629028,Deandre Ayton,Deandre,1610612756,PHX,Phoenix Suns,0022100783,2022-02-03T00:00:00,PHX @ ATL,L,24.45,3,5,0.6,0,0,0.0,0,0,0.0,1,8,9,4,0,1,0,0,1,0,6,0,25.8,0,0,1,148,148,148,157,150,194,54,160,237,160,157,165,157,73,17,32,56,184,60,101,1,52,217,190,140,123,27,3,1
2021-22,1629308,Juan Toscano-Anderson,Juan,1610612744,GSW,Golden State Warriors,0022100785,2022-02-03T00:00:00,GSW vs. SAC,W,19.81833333333333,3,5,0.6,2,2,1.0,0,0,0.0,0,4,4,3,0,3,0,1,1,0,8,14,26.3,0,0,1,1,1,1,191,150,194,54,57,155,1,157,165,157,156,87,118,76,184,7,101,186,52,217,161,16,115,27,3,1
2021-22,1626172,Kevon Looney,Kevon,1610612744,GSW,Golden State Warriors,0022100785,2022-02-03T00:00:00,GSW vs. SAC,W,20.883333333333333,3,3,1.0,0,0,0.0,4,6,0.667,3,4,7,1,1,1,1,0,1,5,10,-3,24.9,0,0,1,1,1,1,182,150,243,1,160,237,160,38,27,107,24,87,50,169,106,60,27,1,52,19,140,188,127,27,3,1
2021-22,1627814,Damion Lee,Damion,1610612744,GSW,Golden State Warriors,0022100785,2022-02-03T00:00:00,GSW vs. SAC,W,27.288333333333334,6,11,0.545,2,6,0.333,0,0,0.0,1,3,4,0,0,2,0,0,0,1,14,1,24.8,0,0,1,1,1,1,132,76,94,87,57,50,102,157,165,157,73,117,118,234,184,19,101,1,1,140,96,127,128,27,3,1
2021-22,1629002,Chimezie Metu,Chimezie,1610612758,SAC,Sacramento Kings,0022100785,2022-02-03T00:00:00,SAC @ GSW,L,20.55,4,9,0.444,0,4,0.0,0,0,0.0,0,1,1,1,2,1,0,0,1,1,8,-19,11.7,0,0,1,148,148,148,184,121,120,158,160,104,160,157,165,157,156,210,232,169,56,60,101,1,52,140,161,290,219,27,3,1
2021-22,203952,Andrew Wiggins,Andrew,1610612744,GSW,Golden State Warriors,0022100785,2022-02-03T00:00:00,GSW vs. SAC,W,27.72,5,12,0.417,2,4,0.5,0,0,0.0,0,1,1,4,1,0,0,0,2,0,12,-1,18.2,0,0,1,1,1,1,131,94,83,176,57,104,56,157,165,157,156,210,232,56,106,155,101,1,121,217,119,159,173,27,3,1
2021-22,1626158,Richaun Holmes,Richaun,1610612758,SAC,Sacramento Kings,0022100785,2022-02-03T00:00:00,SAC @ GSW,L,24.033333333333335,1,4,0.25,0,0,0.0,2,2,1.0,1,3,4,3,2,1,0,0,4,1,4,-3,14.3,0,0,1,148,148,148,162,232,217,235,160,237,160,76,97,1,73,117,118,76,56,60,101,1,249,140,226,188,199,27,3,1
2021-22,1630541,Moses Moody,Moses,1610612744,GSW,Golden State Warriors,0022100785,2022-02-03T00:00:00,GSW vs. SAC,W,23.833333333333332,2,7,0.286,2,5,0.4,0,0,0.0,1,3,4,0,1,0,0,1,1,0,6,-8,9.8,0,0,1,1,1,1,165,186,151,227,57,74,90,157,165,157,73,117,118,234,106,155,101,186,52,217,190,238,240,27,3,1
2021-22,1629683,Quinndary Weatherspoon,Quinndary,1610612744,GSW,Golden State Warriors,0022100785,2022-02-03T00:00:00,GSW vs. SAC,W,2.283333333333333,0,1,0.0,0,0,0.0,0,0,0.0,0,1,1,1,0,0,0,0,0,0,0,-1,2.7,0,0,1,1,1,1,289,265,271,265,160,237,160,157,165,157,156,210,232,169,184,155,101,1,1,217,274,159,280,27,3,1
2021-22,1627780,Gary Payton II,Gary,1610612744,GSW,Golden State Warriors,0022100785,2022-02-03T00:00:00,GSW vs. SAC,W,11.55,1,5,0.2,1,3,0.333,0,0,0.0,1,0,1,0,0,0,1,1,1,0,3,1,7.2,0,0,1,1,1,1,256,232,194,251,98,128,102,157,165,157,73,264,232,234,184,155,27,186,52,217,240,127,259,27,3,1
2021-22,203090,Maurice Harkless,Maurice,1610612758,SAC,Sacramento Kings,0022100785,2022-02-03T00:00:00,SAC @ GSW,L,31.45,7,12,0.583,2,6,0.333,2,2,1.0,0,3,3,2,1,6,1,0,2,2,18,-10,44.6,0,0,1,148,148,148,101,52,83,66,57,50,102,76,97,1,156,117,150,120,106,1,27,1,121,95,63,260,26,27,3,1
2021-22,1629027,Trae Young,Trae,1610612737,ATL,Atlanta Hawks,0022100783,2022-02-03T00:00:00,ATL vs. PHX,W,35.833333333333336,16,25,0.64,6,10,0.6,5,7,0.714,0,0,0,5,4,1,0,0,1,6,43,3,49.5,0,0,1,1,1,1,46,1,5,45,3,9,39,22,17,104,156,264,271,44,9,60,101,1,52,11,1,104,13,27,3,1
2021-22,1626164,Devin Booker,Devin,1610612756,PHX,Phoenix Suns,0022100783,2022-02-03T00:00:00,PHX @ ATL,L,38.425,13,27,0.481,1,8,0.125,5,7,0.714,0,0,0,3,2,1,0,1,4,8,32,-6,37.5,0,0,1,148,148,148,25,4,2,149,98,21,158,22,17,104,156,264,271,76,56,60,101,186,249,3,5,216,54,27,3,1
2021-22,203991,Clint Capela,Clint,1610612737,ATL,Atlanta Hawks,0022100783,2022-02-03T00:00:00,ATL vs. PHX,W,24.916666666666668,2,4,0.5,0,0,0.0,2,2,1.0,1,11,12,4,0,0,1,0,0,1,6,1,29.4,0,0,1,1,1,1,150,186,217,99,160,237,160,76,97,1,73,4,17,56,184,155,27,1,1,140,190,127,91,27,3,1
2021-22,1629661,Cameron Johnson,Cameron,1610612756,PHX,Phoenix Suns,0022100783,2022-02-03T00:00:00,PHX @ ATL,L,29.116666666666667,5,9,0.556,3,5,0.6,0,0,0.0,1,7,8,0,0,2,0,0,3,1,13,-10,28.6,0,0,1,148,148,148,121,94,120,83,33,74,39,157,165,157,73,24,37,234,184,19,101,1,194,140,107,260,101,27,3,1
2021-22,1628989,Kevin Huerter,Kevin,1610612737,ATL,Atlanta Hawks,0022100783,2022-02-03T00:00:00,ATL vs. PHX,W,37.06666666666667,7,15,0.467,5,10,0.5,0,0,0.0,0,3,3,3,2,1,0,0,3,1,19,-1,28.1,0,0,1,1,1,1,32,52,49,150,9,9,56,157,165,157,156,117,150,76,56,60,101,1,194,140,58,159,105,27,3,1
2021-22,1629651,Nic Claxton,Nic,1610612751,BKN,Brooklyn Nets,0022100780,2022-02-02T00:00:00,BKN @ SAC,L,29.346666666666668,9,11,0.818,0,0,0.0,5,7,0.714,6,5,11,1,0,1,5,0,3,6,23,-17,55.7,1,0,1,148,148,148,119,22,94,13,160,237,160,22,17,104,4,61,22,169,184,60,2,1,194,11,30,285,8,1,3,1
2021-22,1630556,Kessler Edwards,Kessler,1610612751,BKN,Brooklyn Nets,0022100780,2022-02-02T00:00:00,BKN @ SAC,L,18.566666666666666,3,7,0.429,1,3,0.333,0,0,0.0,1,3,4,0,2,0,0,1,2,0,7,-12,9.8,0,0,1,148,148,148,199,150,151,167,98,128,102,157,165,157,73,117,118,234,56,155,101,186,121,217,176,271,240,27,3,1
2021-22,1627761,DeAndre' Bembry,DeAndre',1610612751,BKN,Brooklyn Nets,0022100780,2022-02-02T00:00:00,BKN @ SAC,L,10.2,1,1,1.0,0,0,0.0,0,0,0.0,0,2,2,0,0,0,1,0,0,1,2,-6,7.4,0,0,1,148,148,148,269,232,271,1,160,237,160,157,165,157,156,163,191,234,184,155,27,1,1,140,250,216,257,27,3,1
2021-22,1628971,Bruce Brown,Bruce,1610612751,BKN,Brooklyn Nets,0022100780,2022-02-02T00:00:00,BKN @ SAC,L,10.27,1,2,0.5,0,1,0.0,0,0,0.0,0,1,1,1,0,0,0,0,1,0,2,11,4.7,0,0,1,148,148,148,268,232,256,99,160,190,160,157,165,157,156,210,232,169,184,155,101,1,52,217,250,26,271,27,3,1
2021-22,201949,James Johnson,James,1610612751,BKN,Brooklyn Nets,0022100780,2022-02-02T00:00:00,BKN @ SAC,L,29.433333333333334,8,11,0.727,1,2,0.5,1,2,0.5,0,3,3,1,0,1,2,2,2,1,18,1,32.1,0,0,1,148,148,148,118,33,94,23,98,155,56,125,97,127,156,117,150,169,184,60,10,269,121,140,63,127,78,27,3,1
2021-22,203115,Will Barton,Will,1610612743,DEN,Denver Nuggets,0022100779,2022-02-02T00:00:00,DEN @ UTA,L,35.06666666666667,6,16,0.375,1,4,0.25,1,3,0.333,1,8,9,4,5,1,3,2,2,3,14,-6,37.8,0,0,1,148,148,148,61,76,37,203,98,104,136,125,75,149,73,17,32,56,7,60,4,269,121,61,96,216,51,27,3,1
2021-22,1629672,Eric Paschall,Eric,1610612762,UTA,Utah Jazz,0022100779,2022-02-02T00:00:00,UTA vs. DEN,W,17.183333333333334,2,4,0.5,1,3,0.333,0,0,0.0,0,4,4,1,2,0,0,0,0,0,5,-10,9.3,0,0,1,1,1,1,216,186,217,99,98,128,102,157,165,157,156,87,118,169,56,155,101,1,1,217,210,260,243,27,3,1
2021-22,1628432,Davon Reed,Davon,1610612743,DEN,Denver Nuggets,0022100779,2022-02-02T00:00:00,DEN @ UTA,L,29.665,5,7,0.714,3,5,0.6,0,0,0.0,1,6,7,4,0,1,0,0,4,1,13,14,30.4,0,0,1,148,148,148,116,94,151,26,33,74,39,157,165,157,73,40,50,56,184,60,101,1,249,140,107,16,87,27,3,1
2021-22,1630235,Trent Forrest,Trent,1610612762,UTA,Utah Jazz,0022100779,2022-02-02T00:00:00,UTA vs. DEN,W,38.56666666666667,6,7,0.857,1,1,1.0,5,6,0.833,0,2,2,8,0,1,0,1,4,6,18,10,35.4,0,0,1,1,1,1,24,76,151,10,98,190,1,22,27,85,156,163,191,13,184,60,101,186,249,11,63,30,64,27,3,1
2021-22,1627854,Bryn Forbes,Bryn,1610612743,DEN,Denver Nuggets,0022100779,2022-02-02T00:00:00,DEN @ UTA,L,29.98,10,13,0.769,4,5,0.8,2,3,0.667,0,1,1,2,1,0,0,0,2,3,26,2,29.2,0,0,1,148,148,148,113,14,71,17,17,74,21,76,75,107,156,210,232,120,106,155,101,1,121,61,16,116,95,27,3,1
2021-22,1630538,Bones Hyland,Bones,1610612743,DEN,Denver Nuggets,0022100779,2022-02-02T00:00:00,DEN @ UTA,L,20.183333333333334,4,7,0.571,2,4,0.5,0,0,0.0,0,2,2,7,4,0,1,0,2,0,10,4,21.9,0,0,1,148,148,148,186,121,151,67,57,104,56,157,165,157,156,163,191,21,9,155,27,1,121,217,140,88,145,27,3,1
2021-22,200752,Rudy Gay,Rudy,1610612762,UTA,Utah Jazz,0022100779,2022-02-02T00:00:00,UTA vs. DEN,W,26.316666666666666,6,14,0.429,0,5,0.0,3,7,0.429,3,6,9,1,1,0,0,0,2,4,15,-7,26.3,0,0,1,1,1,1,140,76,60,167,160,74,160,55,17,147,24,40,32,169,106,155,101,1,121,36,87,224,115,27,3,1
2021-22,1628420,Monte Morris,Monte,1610612743,DEN,Denver Nuggets,0022100779,2022-02-02T00:00:00,DEN @ UTA,L,31.261666666666667,7,13,0.538,1,3,0.333,0,0,0.0,0,3,3,3,0,0,1,1,0,1,15,-8,26.1,0,0,1,148,148,148,103,52,71,90,98,128,102,157,165,157,156,117,150,76,184,155,27,186,1,140,87,238,117,27,3,1
2021-22,1630560,Cam Thomas,Cam,1610612751,BKN,Brooklyn Nets,0022100780,2022-02-02T00:00:00,BKN @ SAC,L,18.43,3,6,0.5,0,0,0.0,2,2,1.0,0,2,2,0,0,0,1,0,2,1,8,-4,13.4,0,0,1,148,148,148,201,150,176,99,160,237,160,76,97,1,156,163,191,234,184,155,27,1,121,140,161,198,211,27,3,1
2021-22,201933,Blake Griffin,Blake,1610612751,BKN,Brooklyn Nets,0022100780,2022-02-02T00:00:00,BKN @ SAC,L,18.283333333333335,4,8,0.5,0,1,0.0,1,1,1.0,3,1,4,3,0,1,0,1,2,3,9,6,21.3,0,0,1,148,148,148,202,121,135,99,160,190,160,125,150,1,24,210,118,76,184,60,101,186,121,61,154,63,153,27,3,1
2021-22,202681,Kyrie Irving,Kyrie,1610612751,BKN,Brooklyn Nets,0022100780,2022-02-02T00:00:00,BKN @ SAC,L,36.86666666666667,5,15,0.333,2,5,0.4,2,2,1.0,0,3,3,1,4,1,2,1,1,1,14,3,24.1,0,0,1,148,148,148,37,94,49,209,57,74,90,76,97,1,156,117,150,169,9,60,10,186,52,140,96,104,131,27,3,1
2021-22,201935,James Harden,James,1610612751,BKN,Brooklyn Nets,0022100780,2022-02-02T00:00:00,BKN @ SAC,L,37.05,2,11,0.182,0,5,0.0,0,0,0.0,0,7,7,12,6,0,1,1,3,2,4,-21,27.4,0,0,1,148,148,148,33,186,94,259,160,74,160,157,165,157,156,24,50,1,2,155,27,186,194,95,226,293,110,27,3,1
2021-22,201988,Patty Mills,Patty,1610612751,BKN,Brooklyn Nets,0022100780,2022-02-02T00:00:00,BKN @ SAC,L,31.553333333333335,5,12,0.417,4,8,0.5,0,0,0.0,0,3,3,3,1,3,0,1,0,0,14,-16,30.1,0,0,1,148,148,148,99,94,83,176,17,21,56,157,165,157,156,117,150,76,106,7,101,186,1,217,96,284,88,27,3,1
2021-22,203468,CJ McCollum,CJ,1610612757,POR,Portland Trail Blazers,0022100781,2022-02-02T00:00:00,POR @ LAL,L,33.983333333333334,5,17,0.294,4,7,0.571,1,2,0.5,2,6,8,3,2,3,0,1,2,3,15,-8,36.1,0,0,1,148,148,148,69,94,30,226,17,33,50,125,97,127,42,40,37,76,56,7,101,186,121,61,87,238,61,27,3,1
2021-22,203463,Ben McLemore,Ben,1610612757,POR,Portland Trail Blazers,0022100781,2022-02-02T00:00:00,POR @ LAL,L,17.316666666666666,1,9,0.111,0,5,0.0,0,0,0.0,0,2,2,0,0,0,0,0,2,0,2,-4,4.4,0,0,1,148,148,148,214,232,120,263,160,74,160,157,165,157,156,163,191,234,184,155,101,1,121,217,250,198,273,27,3,1
2021-22,1629604,CJ Elleby,CJ,1610612757,POR,Portland Trail Blazers,0022100781,2022-02-02T00:00:00,POR @ LAL,L,9.116666666666667,1,2,0.5,0,0,0.0,0,0,0.0,2,1,3,0,0,0,0,0,3,0,2,-3,5.6,0,0,1,148,148,148,273,232,256,99,160,237,160,157,165,157,42,210,150,234,184,155,101,1,194,217,250,188,268,27,3,1
2021-22,1630570,Trendon Watford,Trendon,1610612757,POR,Portland Trail Blazers,0022100781,2022-02-02T00:00:00,POR @ LAL,L,15.066666666666666,3,4,0.75,0,0,0.0,0,0,0.0,3,3,6,1,1,1,0,0,3,0,6,-5,16.7,0,0,1,148,148,148,238,150,217,18,160,237,160,157,165,157,24,117,71,169,106,60,101,1,194,217,190,208,180,27,3,1
2021-22,1628372,Dennis Smith Jr.,Dennis,1610612757,POR,Portland Trail Blazers,0022100781,2022-02-02T00:00:00,POR @ LAL,L,16.841666666666665,1,5,0.2,0,0,0.0,2,5,0.4,2,1,3,2,0,0,0,0,0,2,4,0,10.6,0,0,1,148,148,148,219,232,194,251,160,237,160,76,43,148,42,210,150,120,184,155,101,1,1,95,226,140,231,27,3,1
2021-22,203994,Jusuf Nurkic,Jusuf,1610612757,POR,Portland Trail Blazers,0022100781,2022-02-02T00:00:00,POR @ LAL,L,35.80833333333333,7,15,0.467,2,3,0.667,0,3,0.0,5,8,13,4,3,1,1,2,4,5,16,0,40.6,1,0,1,148,148,148,47,52,49,150,57,128,28,157,75,157,9,17,9,56,23,60,27,269,249,19,79,140,40,1,3,1
2021-22,203496,Robert Covington,Robert,1610612757,POR,Portland Trail Blazers,0022100781,2022-02-02T00:00:00,POR @ LAL,L,35.68333333333333,0,8,0.0,0,6,0.0,0,0,0.0,2,11,13,9,3,4,1,1,5,0,0,1,41.1,0,0,1,148,148,148,49,265,135,265,160,50,160,157,165,157,42,4,9,7,23,2,27,186,277,217,274,127,38,27,3,1
2021-22,1626181,Norman Powell,Norman,1610612757,POR,Portland Trail Blazers,0022100781,2022-02-02T00:00:00,POR @ LAL,L,40.61666666666667,10,20,0.5,5,11,0.455,5,6,0.833,1,4,5,1,2,1,1,2,5,6,30,-4,41.5,0,0,1,148,148,148,14,14,15,99,9,4,83,22,27,85,73,87,96,169,56,60,27,269,277,11,6,198,36,27,3,1
2021-22,1629014,Anfernee Simons,Anfernee,1610612757,POR,Portland Trail Blazers,0022100781,2022-02-02T00:00:00,POR @ LAL,L,35.56666666666667,7,18,0.389,3,10,0.3,2,3,0.667,1,1,2,3,1,1,0,1,4,2,19,-2,27.9,0,0,1,148,148,148,53,52,23,197,33,9,129,76,75,107,73,210,191,76,106,60,101,186,249,95,58,176,106,27,3,1
2021-22,1627777,Georges Niang,Georges,1610612755,PHI,Philadelphia 76ers,0022100774,2022-02-02T00:00:00,PHI vs. WAS,L,23.9,5,11,0.455,2,6,0.333,0,0,0.0,1,2,3,0,2,0,0,0,3,0,12,-2,13.6,0,0,1,148,148,148,164,94,94,154,57,50,102,157,165,157,73,163,150,234,56,155,101,1,194,217,119,176,208,27,3,1
2021-22,203083,Andre Drummond,Andre,1610612755,PHI,Philadelphia 76ers,0022100774,2022-02-02T00:00:00,PHI vs. WAS,L,12.883333333333333,2,4,0.5,0,0,0.0,0,0,0.0,2,1,3,4,0,0,0,0,4,1,4,-7,13.6,0,0,1,148,148,148,251,186,217,99,160,237,160,157,165,157,42,210,150,56,184,155,101,1,249,140,226,224,208,27,3,1
2021-22,1629655,Daniel Gafford,Daniel,1610612764,WAS,Washington Wizards,0022100774,2022-02-02T00:00:00,WAS @ PHI,W,21.4,4,7,0.571,0,0,0.0,1,1,1.0,5,2,7,2,1,0,1,0,4,1,9,-7,22.4,0,0,1,1,1,1,181,121,151,67,160,237,160,125,150,1,9,163,50,120,106,155,27,1,249,140,154,224,140,27,3,1
2021-22,1626149,Montrezl Harrell,Montrezl,1610612764,WAS,Washington Wizards,0022100774,2022-02-02T00:00:00,WAS @ PHI,W,26.6,7,10,0.7,0,0,0.0,0,1,0.0,1,2,3,3,1,0,0,0,3,2,14,10,21.1,0,0,1,1,1,1,137,52,112,31,160,237,160,157,150,157,73,163,150,76,106,155,101,1,194,95,96,30,156,27,3,1
2021-22,1630557,Corey Kispert,Corey,1610612764,WAS,Washington Wizards,0022100774,2022-02-02T00:00:00,WAS @ PHI,W,17.636666666666667,3,6,0.5,3,5,0.6,2,2,1.0,2,4,6,1,0,0,1,0,0,1,11,-3,22.7,0,0,1,1,1,1,211,150,176,99,33,74,39,76,97,1,42,87,71,169,184,155,27,1,1,140,127,188,138,27,3,1
2021-22,1628398,Kyle Kuzma,Kyle,1610612764,WAS,Washington Wizards,0022100774,2022-02-02T00:00:00,WAS @ PHI,W,35.4,10,19,0.526,4,6,0.667,0,0,0.0,1,6,7,3,1,1,3,0,1,3,24,8,47.9,0,0,1,1,1,1,58,14,20,98,17,50,28,157,165,157,73,40,50,76,106,60,4,1,52,61,26,44,17,27,3,1
2021-22,202699,Tobias Harris,Tobias,1610612755,PHI,Philadelphia 76ers,0022100774,2022-02-02T00:00:00,PHI vs. WAS,L,41.18333333333333,7,17,0.412,1,2,0.5,3,3,1.0,1,8,9,3,2,0,0,3,1,1,18,-1,31.3,0,0,1,148,148,148,12,52,30,182,98,155,56,55,75,1,73,17,32,76,56,155,101,290,52,140,63,159,82,27,3,1
2021-22,1630178,Tyrese Maxey,Tyrese,1610612755,PHI,Philadelphia 76ers,0022100774,2022-02-02T00:00:00,PHI vs. WAS,L,37.53333333333333,9,16,0.563,2,4,0.5,2,2,1.0,1,7,8,7,0,1,0,0,3,3,22,9,45.1,0,0,1,148,148,148,31,22,37,80,57,104,56,76,97,1,73,24,37,21,184,60,101,1,194,61,38,38,24,27,3,1
2021-22,1628369,Jayson Tatum,Jayson,1610612738,BOS,Boston Celtics,0022100775,2022-02-02T00:00:00,BOS vs. CHA,W,32.75,6,16,0.375,1,7,0.143,6,6,1.0,0,6,6,9,3,2,0,2,4,3,19,9,42.7,0,0,1,1,1,1,85,76,37,203,98,33,154,12,27,1,156,40,71,7,23,19,101,269,249,61,58,38,31,27,3,1
2021-22,203471,Dennis Schroder,Dennis,1610612738,BOS,Boston Celtics,0022100775,2022-02-02T00:00:00,BOS vs. CHA,W,16.55,3,8,0.375,0,1,0.0,0,0,0.0,0,1,1,3,2,2,0,0,3,1,6,2,15.7,0,0,1,1,1,1,220,150,135,203,160,190,160,157,165,157,156,210,232,76,56,19,101,1,194,140,190,116,189,27,3,1
2021-22,1628998,Cody Martin,Cody,1610612766,CHA,Charlotte Hornets,0022100775,2022-02-02T00:00:00,CHA @ BOS,L,16.416666666666668,2,5,0.4,0,2,0.0,0,0,0.0,0,3,3,2,0,0,0,0,0,0,4,6,10.6,0,0,1,148,148,148,221,186,194,187,160,155,160,157,165,157,156,117,150,120,184,155,101,1,1,217,226,63,231,27,3,1
2021-22,1630208,Nick Richards,Nick,1610612766,CHA,Charlotte Hornets,0022100775,2022-02-02T00:00:00,CHA @ BOS,L,7.533333333333333,0,0,0.0,0,0,0.0,0,0,0.0,0,2,2,0,1,0,0,0,1,0,0,-13,1.4,0,0,1,148,148,148,276,265,283,265,160,237,160,157,165,157,156,163,191,234,106,155,101,1,52,217,274,276,285,27,3,1
2021-22,1628970,Miles Bridges,Miles,1610612766,CHA,Charlotte Hornets,0022100775,2022-02-02T00:00:00,CHA @ BOS,L,30.85,2,8,0.25,0,2,0.0,2,3,0.667,0,3,3,0,1,0,1,0,2,3,6,-6,11.6,0,0,1,148,148,148,105,186,135,235,160,155,160,76,75,107,156,117,150,234,106,155,27,1,121,61,190,216,222,27,3,1
2021-22,1629684,Grant Williams,Grant,1610612738,BOS,Boston Celtics,0022100775,2022-02-02T00:00:00,BOS vs. CHA,W,20.25,4,7,0.571,3,6,0.5,1,1,1.0,1,2,3,2,0,0,0,0,3,1,12,7,18.6,0,0,1,1,1,1,185,121,151,67,33,50,56,125,150,1,73,163,150,120,184,155,101,1,194,140,119,55,170,27,3,1
2021-22,1626179,Terry Rozier,Terry,1610612766,CHA,Charlotte Hornets,0022100775,2022-02-02T00:00:00,CHA @ BOS,L,40.61666666666667,10,22,0.455,3,9,0.333,0,0,0.0,3,2,5,4,3,3,0,2,3,1,23,-5,41.0,0,0,1,148,148,148,14,14,9,154,33,15,102,157,165,157,24,163,96,56,23,7,101,269,194,140,30,208,39,27,3,1
2021-22,201143,Al Horford,Al,1610612738,BOS,Boston Celtics,0022100775,2022-02-02T00:00:00,BOS vs. CHA,W,32.675,2,7,0.286,2,5,0.4,0,0,0.0,1,11,12,1,1,1,0,0,1,0,6,-1,23.9,0,0,1,1,1,1,87,186,151,227,57,74,90,157,165,157,73,4,17,169,106,60,101,1,52,217,190,159,133,27,3,1
2021-22,1627759,Jaylen Brown,Jaylen,1610612738,BOS,Boston Celtics,0022100775,2022-02-02T00:00:00,BOS vs. CHA,W,38.425,7,15,0.467,0,3,0.0,1,2,0.5,1,5,6,6,7,1,0,2,3,5,15,-4,27.2,0,0,1,1,1,1,25,52,49,150,160,128,160,125,97,127,73,61,71,33,1,60,101,269,194,19,87,198,112,27,3,1
2021-22,203486,Mason Plumlee,Mason,1610612766,CHA,Charlotte Hornets,0022100775,2022-02-02T00:00:00,CHA @ BOS,L,29.95,2,5,0.4,0,1,0.0,1,3,0.333,6,11,17,2,3,1,0,0,4,4,5,5,28.4,0,0,1,148,148,148,114,186,194,187,160,190,160,125,75,149,4,4,3,120,23,60,101,1,249,36,210,79,103,27,3,1
2021-22,1629023,P.J. Washington,P.J.,1610612766,CHA,Charlotte Hornets,0022100775,2022-02-02T00:00:00,CHA @ BOS,L,42.06666666666667,6,11,0.545,4,9,0.444,0,0,0.0,2,5,7,1,3,2,0,1,3,0,16,-2,28.9,0,0,1,148,148,148,10,76,94,87,17,15,85,157,165,157,42,61,50,169,23,19,101,186,194,217,79,176,98,27,3,1
2021-22,1629057,Robert Williams III,Robert,1610612738,BOS,Boston Celtics,0022100775,2022-02-02T00:00:00,BOS vs. CHA,W,35.55,5,6,0.833,0,0,0.0,0,0,0.0,2,6,8,3,2,2,3,0,1,0,10,9,37.1,0,0,1,1,1,1,55,94,176,11,160,237,160,157,165,157,42,40,37,76,56,19,4,1,52,217,140,38,59,27,3,1
2021-22,203935,Marcus Smart,Marcus,1610612738,BOS,Boston Celtics,0022100775,2022-02-02T00:00:00,BOS vs. CHA,W,33.11666666666667,7,11,0.636,2,6,0.333,6,6,1.0,1,3,4,6,2,0,1,0,3,7,22,5,36.8,0,0,1,1,1,1,80,52,94,46,57,50,102,12,27,1,73,117,118,33,56,155,27,1,194,7,38,79,60,27,3,1
2021-22,1630163,LaMelo Ball,LaMelo,1610612766,CHA,Charlotte Hornets,0022100775,2022-02-02T00:00:00,CHA @ BOS,L,38.96666666666667,12,24,0.5,4,10,0.4,10,13,0.769,2,4,6,9,3,2,0,1,2,8,38,-13,61.7,0,0,1,148,148,148,21,6,6,99,17,9,90,2,2,94,42,87,71,7,23,19,101,186,121,3,3,276,4,27,3,1
2021-22,1626162,Kelly Oubre Jr.,Kelly,1610612766,CHA,Charlotte Hornets,0022100775,2022-02-02T00:00:00,CHA @ BOS,L,33.6,3,12,0.25,1,7,0.143,8,8,1.0,1,2,3,0,2,4,3,1,5,5,15,-2,37.6,0,0,1,148,148,148,75,150,83,235,98,33,154,6,9,1,73,163,150,234,56,2,4,186,277,19,87,176,52,27,3,1
2021-22,1626196,Josh Richardson,Josh,1610612738,BOS,Boston Celtics,0022100775,2022-02-02T00:00:00,BOS vs. CHA,W,30.683333333333334,8,12,0.667,6,8,0.75,1,2,0.5,0,2,2,1,1,1,1,0,3,3,23,3,31.9,0,0,1,1,1,1,107,33,83,33,3,21,25,125,97,127,156,163,191,169,106,60,27,1,194,61,30,104,81,27,3,1
2021-22,1630533,Ziaire Williams,Ziaire,1610612763,MEM,Memphis Grizzlies,0022100776,2022-02-02T00:00:00,MEM @ NYK,W,33.28333333333333,9,11,0.818,3,5,0.6,0,0,0.0,1,3,4,3,0,1,0,0,3,0,21,11,33.3,0,0,1,1,1,1,78,22,94,13,33,74,39,157,165,157,73,117,118,76,184,60,101,1,194,217,44,26,75,27,3,1
2021-22,202689,Kemba Walker,Kemba,1610612752,NYK,New York Knicks,0022100776,2022-02-02T00:00:00,NYK vs. MEM,L,17.166666666666668,0,4,0.0,0,2,0.0,0,0,0.0,1,2,3,2,0,0,0,1,0,1,0,1,6.6,0,0,1,148,148,148,217,265,217,265,160,155,160,157,165,157,73,163,150,120,184,155,101,186,1,140,274,127,263,27,3,1
2021-22,203457,Nerlens Noel,Nerlens,1610612752,NYK,New York Knicks,0022100776,2022-02-02T00:00:00,NYK vs. MEM,L,16.166666666666668,0,0,0.0,0,0,0.0,0,0,0.0,1,1,2,1,0,1,0,0,3,0,0,-15,6.9,0,0,1,148,148,148,225,265,283,265,160,237,160,157,165,157,73,210,191,169,184,60,101,1,194,217,274,282,260,27,3,1
2021-22,203937,Kyle Anderson,Kyle,1610612763,MEM,Memphis Grizzlies,0022100776,2022-02-02T00:00:00,MEM @ NYK,W,14.466666666666667,2,7,0.286,0,1,0.0,0,1,0.0,0,1,1,5,1,1,1,0,3,2,4,4,17.7,0,0,1,1,1,1,243,186,151,227,160,190,160,157,150,157,156,210,232,44,106,60,27,1,194,95,226,88,179,27,3,1
2021-22,1626145,Tyus Jones,Tyus,1610612763,MEM,Memphis Grizzlies,0022100776,2022-02-02T00:00:00,MEM @ NYK,W,11.216666666666667,2,5,0.4,0,2,0.0,0,0,0.0,0,0,0,2,0,1,0,0,1,0,4,-1,10.0,0,0,1,1,1,1,257,186,194,187,160,155,160,157,165,157,156,264,271,120,184,60,101,1,52,217,226,159,239,27,3,1
2021-22,1630167,Obi Toppin,Obi,1610612752,NYK,New York Knicks,0022100776,2022-02-02T00:00:00,NYK vs. MEM,L,11.125,1,4,0.25,0,2,0.0,0,0,0.0,0,6,6,1,0,0,0,0,0,0,2,-3,10.7,0,0,1,148,148,148,258,232,217,235,160,155,160,157,165,157,156,40,71,169,184,155,101,1,1,217,250,188,228,27,3,1
2021-22,201959,Taj Gibson,Taj,1610612752,NYK,New York Knicks,0022100776,2022-02-02T00:00:00,NYK vs. MEM,L,1.9333333333333333,0,0,0.0,0,0,0.0,2,2,1.0,0,0,0,0,0,0,0,0,1,1,2,2,2.0,0,0,1,148,148,148,290,265,283,265,160,237,160,76,97,1,156,264,271,234,184,155,101,1,52,140,250,116,283,27,3,1
2021-22,203914,Gary Harris,Gary,1610612753,ORL,Orlando Magic,0022100773,2022-02-02T00:00:00,ORL @ IND,W,32.28333333333333,6,15,0.4,6,11,0.545,4,4,1.0,1,2,3,5,0,2,0,0,2,2,22,5,39.1,0,0,1,1,1,1,91,76,49,187,3,4,55,38,55,1,73,163,150,44,184,19,101,1,121,95,38,79,46,27,3,1
2021-22,1626208,Keifer Sykes,Keifer,1610612754,IND,Indiana Pacers,0022100773,2022-02-02T00:00:00,IND vs. ORL,L,9.316666666666666,0,3,0.0,0,2,0.0,0,0,0.0,0,4,4,0,0,0,0,0,0,0,0,6,4.8,0,0,1,148,148,148,272,265,243,265,160,155,160,157,165,157,156,87,118,234,184,155,101,1,1,217,274,63,270,27,3,1
2021-22,1629643,Chuma Okeke,Chuma,1610612753,ORL,Orlando Magic,0022100773,2022-02-02T00:00:00,ORL @ IND,W,24.766666666666666,3,6,0.5,1,3,0.333,1,2,0.5,0,4,4,2,0,0,0,0,2,2,8,3,15.8,0,0,1,1,1,1,152,150,176,99,98,128,102,125,97,127,156,87,118,120,184,155,101,1,121,95,161,104,188,27,3,1
2021-22,1628964,Mo Bamba,Mo,1610612753,ORL,Orlando Magic,0022100773,2022-02-02T00:00:00,ORL @ IND,W,15.3,2,4,0.5,0,2,0.0,3,3,1.0,1,3,4,0,0,0,2,0,1,2,7,-7,17.8,0,0,1,1,1,1,235,186,217,99,160,155,160,55,75,1,73,117,118,234,184,155,10,1,52,95,176,224,178,27,3,1
2021-22,203082,Terrence Ross,Terrence,1610612753,ORL,Orlando Magic,0022100773,2022-02-02T00:00:00,ORL @ IND,W,19.45,2,4,0.5,1,2,0.5,0,0,0.0,0,3,3,1,0,0,0,0,0,0,5,13,10.1,0,0,1,1,1,1,195,186,217,99,98,155,56,157,165,157,156,117,150,169,184,155,101,1,1,217,210,21,238,27,3,1
2021-22,1630613,Duane Washington Jr.,Duane,1610612754,IND,Indiana Pacers,0022100773,2022-02-02T00:00:00,IND vs. ORL,L,25.266666666666666,2,7,0.286,1,5,0.2,0,0,0.0,0,1,1,3,0,0,0,0,2,2,5,-9,10.7,0,0,1,148,148,148,147,186,151,227,98,74,145,157,165,157,156,210,232,76,184,155,101,1,121,95,210,251,228,27,3,1
2021-22,1629678,Admiral Schofield,Admiral,1610612753,ORL,Orlando Magic,0022100773,2022-02-02T00:00:00,ORL @ IND,W,1.65,0,0,0.0,0,0,0.0,0,0,0.0,0,0,0,0,0,0,0,0,1,0,0,0,0.0,0,0,1,1,1,1,291,265,283,265,160,237,160,157,165,157,156,264,271,234,184,155,101,1,52,217,274,140,286,27,3,1
2021-22,1630543,Isaiah Jackson,Isaiah,1610612754,IND,Indiana Pacers,0022100773,2022-02-02T00:00:00,IND vs. ORL,L,0.36666666666666664,0,0,0.0,0,0,0.0,0,0,0.0,0,0,0,0,0,0,0,0,0,0,0,0,0.0,0,0,1,148,148,148,294,265,283,265,160,237,160,157,165,157,156,264,271,234,184,155,101,1,1,217,274,140,286,27,3,1
2021-22,1630678,Terry Taylor,Terry,1610612754,IND,Indiana Pacers,0022100773,2022-02-02T00:00:00,IND vs. ORL,L,36.935,10,15,0.667,1,2,0.5,3,4,0.75,6,10,16,3,1,1,0,2,6,2,24,-2,49.7,1,0,1,148,148,148,35,14,49,33,98,155,56,55,55,95,4,10,5,76,106,60,101,269,293,95,26,176,11,1,3,1
2021-22,1628976,Wendell Carter Jr.,Wendell,1610612753,ORL,Orlando Magic,0022100773,2022-02-02T00:00:00,ORL @ IND,W,33.7,7,13,0.538,0,2,0.0,5,5,1.0,3,15,18,2,3,1,1,0,3,4,19,-3,46.6,1,0,1,1,1,1,72,52,71,90,160,155,160,22,43,1,24,1,1,120,23,60,27,1,194,36,58,188,21,1,3,1
2021-22,1630537,Chris Duarte,Chris,1610612754,IND,Indiana Pacers,0022100773,2022-02-02T00:00:00,IND vs. ORL,L,31.7,3,11,0.273,2,2,1.0,3,3,1.0,0,7,7,1,1,0,0,0,3,3,11,6,19.9,0,0,1,148,148,148,97,150,94,232,57,155,1,55,75,1,156,24,50,169,106,155,101,1,194,61,127,63,163,27,3,1
2021-22,1629021,Moritz Wagner,Moritz,1610612753,ORL,Orlando Magic,0022100773,2022-02-02T00:00:00,ORL @ IND,W,8.866666666666667,4,5,0.8,0,0,0.0,0,0,0.0,1,2,3,1,0,0,0,0,1,0,8,2,13.1,0,0,1,1,1,1,275,121,194,15,160,237,160,157,165,157,73,163,150,169,184,155,101,1,52,217,161,116,213,27,3,1
2021-22,1630532,Franz Wagner,Franz,1610612753,ORL,Orlando Magic,0022100773,2022-02-02T00:00:00,ORL @ IND,W,30.2,7,13,0.538,1,3,0.333,2,2,1.0,1,3,4,2,3,0,0,0,2,2,17,-11,21.8,0,0,1,1,1,1,110,52,71,90,98,128,102,76,97,1,73,117,118,120,23,155,101,1,121,95,72,264,146,27,3,1
2021-22,203200,Justin Holiday,Justin,1610612754,IND,Indiana Pacers,0022100773,2022-02-02T00:00:00,IND vs. ORL,L,34.11666666666667,5,10,0.5,3,4,0.75,0,0,0.0,0,4,4,3,1,1,0,0,1,2,13,6,24.3,0,0,1,148,148,148,68,94,112,99,33,104,25,157,165,157,156,87,118,76,106,60,101,1,52,95,107,63,129,27,3,1
2021-22,202362,Lance Stephenson,Lance,1610612754,IND,Indiana Pacers,0022100773,2022-02-02T00:00:00,IND vs. ORL,L,15.731666666666667,5,7,0.714,1,1,1.0,3,3,1.0,0,3,3,6,1,1,0,0,2,3,14,7,28.6,0,0,1,148,148,148,232,94,151,26,98,190,1,55,75,1,156,117,150,33,106,60,101,1,121,61,96,55,101,27,3,1
2021-22,1630175,Cole Anthony,Cole,1610612753,ORL,Orlando Magic,0022100773,2022-02-02T00:00:00,ORL @ IND,W,35.55,2,15,0.133,2,7,0.286,9,10,0.9,1,5,6,8,3,1,0,0,3,6,15,5,34.2,0,0,1,1,1,1,55,186,49,262,57,33,131,3,4,74,73,61,71,13,23,60,101,1,194,11,87,79,67,27,3,1
2021-22,1628470,Torrey Craig,Torrey,1610612754,IND,Indiana Pacers,0022100773,2022-02-02T00:00:00,IND vs. ORL,L,36.8,8,16,0.5,5,9,0.556,1,3,0.333,1,4,5,3,2,1,0,0,3,2,22,0,33.5,0,0,1,148,148,148,39,33,37,99,9,15,54,125,75,149,73,87,96,76,56,60,101,1,194,95,38,140,74,27,3,1
2021-22,1630591,Jalen Suggs,Jalen,1610612753,ORL,Orlando Magic,0022100773,2022-02-02T00:00:00,ORL @ IND,W,32.83166666666666,6,16,0.375,0,5,0.0,0,0,0.0,1,3,4,8,2,1,0,1,4,1,12,-2,29.8,0,0,1,1,1,1,84,76,37,203,160,74,160,157,165,157,73,117,118,13,56,60,101,186,249,140,119,176,90,27,3,1
2021-22,201577,Robin Lopez,Robin,1610612753,ORL,Orlando Magic,0022100773,2022-02-02T00:00:00,ORL @ IND,W,5.401666666666666,3,4,0.75,0,0,0.0,0,0,0.0,0,3,3,0,1,0,0,0,2,0,6,0,8.6,0,0,1,1,1,1,281,150,217,18,160,237,160,157,165,157,156,117,150,234,106,155,101,1,121,217,190,140,250,27,3,1
2021-22,203087,Jeremy Lamb,Jeremy,1610612754,IND,Indiana Pacers,0022100773,2022-02-02T00:00:00,IND vs. ORL,L,15.266666666666667,1,5,0.2,0,1,0.0,1,2,0.5,0,1,1,1,0,1,0,0,0,2,3,-12,8.7,0,0,1,148,148,148,236,232,194,251,160,190,160,125,97,127,156,210,232,169,184,60,101,1,1,95,240,271,248,27,3,1
2021-22,1627747,Caris LeVert,Caris,1610612754,IND,Indiana Pacers,0022100773,2022-02-02T00:00:00,IND vs. ORL,L,34.5,10,24,0.417,1,6,0.167,5,8,0.625,0,5,5,5,2,2,1,1,2,5,26,-7,46.5,0,0,1,148,148,148,63,14,6,176,98,50,151,22,9,118,156,61,96,44,56,19,27,186,121,19,16,224,22,27,3,1
2021-22,203915,Spencer Dinwiddie,Spencer,1610612764,WAS,Washington Wizards,0022100774,2022-02-02T00:00:00,WAS @ PHI,W,29.983333333333334,4,16,0.25,1,3,0.333,5,6,0.833,5,7,12,10,3,0,0,1,2,3,14,4,40.4,1,1,1,1,1,1,112,121,37,235,98,128,102,22,27,85,9,24,17,4,23,155,101,186,121,61,96,88,42,1,1,1
2021-22,1628988,Aaron Holiday,Aaron,1610612764,WAS,Washington Wizards,0022100774,2022-02-02T00:00:00,WAS @ PHI,W,18.116666666666667,0,2,0.0,0,1,0.0,2,2,1.0,0,1,1,1,0,0,0,1,2,2,2,-8,4.7,0,0,1,1,1,1,203,265,256,265,160,190,160,76,97,1,156,210,232,169,184,155,101,186,121,95,250,238,271,27,3,1
2021-22,1629680,Matisse Thybulle,Matisse,1610612755,PHI,Philadelphia 76ers,0022100774,2022-02-02T00:00:00,PHI vs. WAS,L,33.97,1,3,0.333,1,2,0.5,0,0,0.0,1,0,1,0,0,0,2,0,1,1,3,-4,10.2,0,0,1,148,148,148,70,232,243,209,98,155,56,157,165,157,73,264,232,234,184,155,10,1,52,140,240,198,235,27,3,1
2021-22,203484,Kentavious Caldwell-Pope,Kentavious,1610612764,WAS,Washington Wizards,0022100774,2022-02-02T00:00:00,WAS @ PHI,W,28.916666666666668,2,10,0.2,0,1,0.0,0,0,0.0,1,3,4,1,0,0,0,2,0,0,4,0,10.3,0,0,1,1,1,1,127,186,112,251,160,190,160,157,165,157,73,117,118,169,184,155,101,269,1,217,226,140,234,27,3,1
2021-22,1629619,Myles Powell,Myles,1610612755,PHI,Philadelphia 76ers,0022100774,2022-02-02T00:00:00,PHI vs. WAS,L,3.933333333333333,0,1,0.0,0,1,0.0,0,0,0.0,0,0,0,0,0,0,0,0,2,0,0,-8,0.0,0,0,1,148,148,148,286,265,271,265,160,190,160,157,165,157,156,264,271,234,184,155,101,1,121,217,274,238,286,27,3,1
2021-22,1629060,Rui Hachimura,Rui,1610612764,WAS,Washington Wizards,0022100774,2022-02-02T00:00:00,WAS @ PHI,W,19.083333333333332,4,6,0.667,1,1,1.0,2,2,1.0,0,2,2,1,1,0,0,0,0,2,11,3,13.9,0,0,1,1,1,1,198,121,176,33,98,190,1,76,97,1,156,163,191,169,106,155,101,1,1,95,127,104,203,27,3,1
2021-22,203954,Joel Embiid,Joel,1610612755,PHI,Philadelphia 76ers,0022100774,2022-02-02T00:00:00,PHI vs. WAS,L,35.11666666666667,11,27,0.407,0,3,0.0,5,8,0.625,3,11,14,6,0,1,1,2,3,8,27,4,58.8,1,0,1,148,148,148,60,9,2,186,160,128,160,22,9,118,24,4,7,33,184,60,27,269,194,3,15,88,6,1,3,1
2021-22,1630166,Deni Avdija,Deni,1610612764,WAS,Washington Wizards,0022100774,2022-02-02T00:00:00,WAS @ PHI,W,25.88,3,8,0.375,0,4,0.0,2,2,1.0,0,9,9,0,0,0,0,0,0,1,8,8,18.8,0,0,1,1,1,1,143,150,135,203,160,104,160,76,97,1,156,15,32,234,184,155,101,1,1,140,161,44,169,27,3,1
2021-22,201980,Danny Green,Danny,1610612755,PHI,Philadelphia 76ers,0022100774,2022-02-02T00:00:00,PHI vs. WAS,L,26.863333333333333,2,5,0.4,2,4,0.5,0,0,0.0,1,1,2,2,0,0,1,0,3,0,6,-5,14.4,0,0,1,148,148,148,135,186,194,187,57,104,56,157,165,157,73,210,191,120,184,155,27,1,194,217,190,208,195,27,3,1
2021-22,1630198,Isaiah Joe,Isaiah,1610612755,PHI,Philadelphia 76ers,0022100774,2022-02-02T00:00:00,PHI vs. WAS,L,24.616666666666667,4,7,0.571,3,5,0.6,0,0,0.0,0,1,1,1,0,0,0,0,0,0,11,-1,13.7,0,0,1,148,148,148,155,121,151,67,33,74,39,157,165,157,156,210,232,169,184,155,101,1,1,217,127,159,204,27,3,1
2021-22,203526,Raul Neto,Raul,1610612764,WAS,Washington Wizards,0022100774,2022-02-02T00:00:00,WAS @ PHI,W,16.983333333333334,4,6,0.667,0,1,0.0,1,3,0.333,0,1,1,3,1,0,0,0,2,5,9,0,13.7,0,0,1,1,1,1,218,121,176,33,160,190,160,125,75,149,156,210,232,76,106,155,101,1,121,19,154,140,204,27,3,1
2021-22,1629645,Kevin Porter Jr.,Kevin,1610612745,HOU,Houston Rockets,0022100777,2022-02-02T00:00:00,HOU vs. CLE,W,32.05,6,11,0.545,3,5,0.6,1,4,0.25,0,1,1,7,2,1,0,0,3,3,16,6,28.7,0,0,1,1,1,1,92,76,94,87,33,74,39,125,55,154,156,210,232,21,56,60,101,1,194,61,79,63,100,27,3,1
2021-22,1629164,Brandon Goodwin,Brandon,1610612739,CLE,Cleveland Cavaliers,0022100777,2022-02-02T00:00:00,CLE @ HOU,L,32.43333333333333,2,6,0.333,1,3,0.333,2,2,1.0,0,7,7,8,1,1,0,1,1,2,7,4,29.4,0,0,1,148,148,148,89,186,176,209,98,128,102,76,97,1,156,24,50,13,106,60,101,186,52,95,176,88,91,27,3,1
2021-22,1630205,Lamar Stevens,Lamar,1610612739,CLE,Cleveland Cavaliers,0022100777,2022-02-02T00:00:00,CLE @ HOU,L,16.4,3,5,0.6,0,1,0.0,1,2,0.5,1,1,2,0,1,0,0,0,4,1,7,4,8.4,0,0,1,148,148,148,222,150,194,54,160,190,160,125,97,127,73,210,191,234,106,155,101,1,249,140,176,88,252,27,3,1
2021-22,1629652,Luguentz Dort,Luguentz,1610612760,OKC,Oklahoma City Thunder,0022100778,2022-02-02T00:00:00,OKC @ DAL,W,39.53,9,17,0.529,6,10,0.6,6,6,1.0,0,6,6,3,1,0,1,2,3,5,30,15,43.7,0,0,1,1,1,1,18,22,30,96,3,9,39,12,27,1,156,40,71,76,106,155,27,269,194,19,6,12,27,27,3,1
2021-22,1630177,Theo Maledon,Theo,1610612760,OKC,Oklahoma City Thunder,0022100778,2022-02-02T00:00:00,OKC @ DAL,W,5.333333333333333,0,1,0.0,0,0,0.0,0,0,0.0,0,0,0,0,0,0,0,0,0,1,0,-6,0.0,0,0,1,1,1,1,282,265,271,265,160,237,160,157,165,157,156,264,271,234,184,155,101,1,1,140,274,216,286,27,3,1
2021-22,1627827,Dorian Finney-Smith,Dorian,1610612742,DAL,Dallas Mavericks,0022100778,2022-02-02T00:00:00,DAL vs. OKC,L,42.61666666666667,1,7,0.143,1,5,0.2,0,0,0.0,4,3,7,4,1,0,0,0,2,1,3,-13,16.4,0,0,1,148,148,148,4,232,151,261,98,74,145,157,165,157,18,117,50,56,106,155,101,1,121,140,240,276,182,27,3,1
2021-22,1630182,Josh Green,Josh,1610612742,DAL,Dallas Mavericks,0022100778,2022-02-02T00:00:00,DAL vs. OKC,L,18.566666666666666,2,6,0.333,0,1,0.0,1,2,0.5,1,1,2,4,0,0,1,2,1,2,5,2,16.4,0,0,1,148,148,148,199,186,176,209,160,190,160,125,97,127,73,210,191,56,184,155,27,269,52,95,210,116,182,27,3,1
2021-22,203939,Dwight Powell,Dwight,1610612742,DAL,Dallas Mavericks,0022100778,2022-02-02T00:00:00,DAL vs. OKC,L,12.553333333333333,1,2,0.5,0,0,0.0,2,2,1.0,1,0,1,2,1,0,1,1,4,1,4,-1,10.2,0,0,1,148,148,148,252,232,256,99,160,237,160,76,97,1,73,264,232,120,106,155,27,186,249,140,226,159,235,27,3,1
2021-22,1627737,Marquese Chriss,Marquese,1610612742,DAL,Dallas Mavericks,0022100778,2022-02-02T00:00:00,DAL vs. OKC,L,14.386666666666667,3,5,0.6,0,0,0.0,0,0,0.0,1,1,2,1,2,0,1,1,1,1,6,-7,10.9,0,0,1,148,148,148,244,150,194,54,160,237,160,157,165,157,73,210,191,169,56,155,27,186,52,140,190,224,227,27,3,1
2021-22,1630581,Josh Giddey,Josh,1610612760,OKC,Oklahoma City Thunder,0022100778,2022-02-02T00:00:00,OKC @ DAL,W,36.80833333333333,7,13,0.538,0,3,0.0,0,0,0.0,4,3,7,10,6,2,0,1,1,1,14,16,37.4,1,0,1,1,1,1,38,52,71,90,160,128,160,157,165,157,18,117,50,4,2,19,101,186,52,140,96,11,57,1,3,1
2021-22,1629647,Darius Bazley,Darius,1610612760,OKC,Oklahoma City Thunder,0022100778,2022-02-02T00:00:00,OKC @ DAL,W,35.56666666666667,4,12,0.333,2,8,0.25,3,6,0.5,1,10,11,0,3,1,3,2,1,4,13,0,35.2,1,0,1,1,1,1,53,121,83,209,57,21,136,55,27,127,73,10,22,234,23,60,4,269,52,36,107,140,65,1,3,1
2021-22,1629029,Luka Doncic,Luka,1610612742,DAL,Dallas Mavericks,0022100778,2022-02-02T00:00:00,DAL vs. OKC,L,42.8,16,33,0.485,5,13,0.385,3,4,0.75,1,5,6,10,3,3,0,2,3,5,40,-17,68.2,1,0,1,148,148,148,3,1,1,148,9,1,96,55,55,95,73,61,71,4,23,7,101,269,194,19,2,285,2,1,3,1
2021-22,1629660,Ty Jerome,Ty,1610612760,OKC,Oklahoma City Thunder,0022100778,2022-02-02T00:00:00,OKC @ DAL,W,15.9,4,9,0.444,1,3,0.333,2,2,1.0,0,2,2,2,1,0,1,1,2,2,11,-7,18.4,0,0,1,1,1,1,229,121,120,158,98,128,102,76,97,1,156,163,191,120,106,155,27,186,121,95,127,224,171,27,3,1
2021-22,1629603,Mamadi Diakite,Mamadi,1610612760,OKC,Oklahoma City Thunder,0022100778,2022-02-02T00:00:00,OKC @ DAL,W,17.666666666666668,1,5,0.2,0,0,0.0,0,0,0.0,4,6,10,0,1,1,1,1,3,1,2,1,19.0,0,0,1,1,1,1,210,232,194,251,160,237,160,157,165,157,18,40,27,234,106,60,27,186,194,140,250,127,167,27,3,1
2021-22,1630598,Aaron Wiggins,Aaron,1610612760,OKC,Oklahoma City Thunder,0022100778,2022-02-02T00:00:00,OKC @ DAL,W,24.183333333333334,2,4,0.5,2,2,1.0,2,2,1.0,2,2,4,1,1,0,0,1,1,1,8,7,13.3,0,0,1,1,1,1,160,186,217,99,57,155,1,76,97,1,42,163,118,169,106,155,101,186,52,140,161,55,212,27,3,1
2021-22,203488,Mike Muscala,Mike,1610612760,OKC,Oklahoma City Thunder,0022100778,2022-02-02T00:00:00,OKC @ DAL,W,19.85,2,3,0.667,0,1,0.0,1,1,1.0,2,4,6,1,1,0,0,0,1,2,5,-1,12.7,0,0,1,1,1,1,190,186,243,33,160,190,160,125,150,1,42,87,71,169,106,155,101,1,52,95,210,159,215,27,3,1
2021-22,1629026,Kenrich Williams,Kenrich,1610612760,OKC,Oklahoma City Thunder,0022100778,2022-02-02T00:00:00,OKC @ DAL,W,28.983333333333334,4,8,0.5,0,2,0.0,0,0,0.0,1,3,4,5,2,1,1,0,1,0,8,-1,24.3,0,0,1,1,1,1,126,121,135,99,160,155,160,157,165,157,73,117,118,44,56,60,27,1,52,217,161,159,129,27,3,1
2021-22,1628373,Frank Ntilikina,Frank,1610612742,DAL,Dallas Mavericks,0022100778,2022-02-02T00:00:00,DAL vs. OKC,L,10.996666666666666,1,2,0.5,1,1,1.0,0,0,0.0,0,0,0,0,0,1,1,1,2,0,3,0,9.0,0,0,1,148,148,148,260,232,256,99,98,190,1,157,165,157,156,264,271,234,184,60,27,186,121,217,240,140,246,27,3,1
2021-22,1630544,Tre Mann,Tre,1610612760,OKC,Oklahoma City Thunder,0022100778,2022-02-02T00:00:00,OKC @ DAL,W,41.178333333333335,8,14,0.571,6,8,0.75,7,8,0.875,0,0,0,3,2,1,1,0,3,4,29,6,37.5,0,0,1,1,1,1,13,33,60,67,3,21,25,9,9,78,156,264,271,76,56,60,27,1,194,36,11,63,54,27,3,1
2021-22,1628973,Jalen Brunson,Jalen,1610612742,DAL,Dallas Mavericks,0022100778,2022-02-02T00:00:00,DAL vs. OKC,L,42.55,10,18,0.556,0,4,0.0,0,0,0.0,0,5,5,4,6,2,0,1,5,1,20,3,32.0,0,0,1,148,148,148,5,14,23,83,160,104,160,157,165,157,156,61,96,56,2,19,101,186,277,140,54,104,80,27,3,1
2021-22,203493,Reggie Bullock,Reggie,1610612742,DAL,Dallas Mavericks,0022100778,2022-02-02T00:00:00,DAL vs. OKC,L,38.3,8,16,0.5,5,13,0.385,2,2,1.0,1,7,8,1,0,3,0,0,1,0,23,3,43.1,0,0,1,148,148,148,27,33,37,99,9,1,96,76,97,1,73,24,37,169,184,7,101,1,52,217,30,104,29,27,3,1
2021-22,1628467,Maxi Kleber,Maxi,1610612742,DAL,Dallas Mavericks,0022100778,2022-02-02T00:00:00,DAL vs. OKC,L,42.23,4,9,0.444,2,6,0.333,0,0,0.0,4,4,8,2,0,3,4,0,2,5,10,0,43.6,0,0,1,148,148,148,7,121,120,158,57,50,102,157,165,157,18,87,37,120,184,7,3,1,121,19,140,140,28,27,3,1
2021-22,201144,Mike Conley,Mike,1610612762,UTA,Utah Jazz,0022100779,2022-02-02T00:00:00,UTA vs. DEN,W,28.183333333333334,6,14,0.429,3,5,0.6,2,2,1.0,1,0,1,5,1,4,1,1,2,1,17,0,39.7,0,0,1,1,1,1,130,76,60,167,33,74,39,76,97,1,73,264,232,44,106,2,27,186,121,140,72,140,45,27,3,1
2021-22,1630190,Elijah Hughes,Elijah,1610612762,UTA,Utah Jazz,0022100779,2022-02-02T00:00:00,UTA vs. DEN,W,10.616666666666667,2,4,0.5,1,3,0.333,0,0,0.0,0,1,1,0,0,0,0,0,0,0,5,-7,6.2,0,0,1,1,1,1,266,186,217,99,98,128,102,157,165,157,156,210,232,234,184,155,101,1,1,217,210,224,265,27,3,1
2021-22,1630215,Jared Butler,Jared,1610612762,UTA,Utah Jazz,0022100779,2022-02-02T00:00:00,UTA vs. DEN,W,29.316666666666666,5,11,0.455,0,5,0.0,0,0,0.0,0,0,0,3,3,0,1,0,0,0,10,3,14.5,0,0,1,1,1,1,120,94,94,154,160,74,160,157,165,157,156,264,271,76,23,155,27,1,1,217,140,104,194,27,3,1
2021-22,201145,Jeff Green,Jeff,1610612743,DEN,Denver Nuggets,0022100779,2022-02-02T00:00:00,DEN @ UTA,L,19.718333333333334,3,5,0.6,0,0,0.0,2,2,1.0,1,0,1,1,0,0,0,0,2,1,8,-17,10.7,0,0,1,148,148,148,193,150,194,54,160,237,160,76,97,1,73,264,232,169,184,155,101,1,121,140,161,285,228,27,3,1
2021-22,1630192,Zeke Nnaji,Zeke,1610612743,DEN,Denver Nuggets,0022100779,2022-02-02T00:00:00,DEN @ UTA,L,29.016666666666666,3,7,0.429,0,3,0.0,2,2,1.0,3,5,8,1,3,0,1,0,5,1,8,-9,19.1,0,0,1,148,148,148,125,150,151,167,160,128,160,76,97,1,24,61,37,169,23,155,27,1,277,140,161,251,166,27,3,1
2021-22,203085,Austin Rivers,Austin,1610612743,DEN,Denver Nuggets,0022100779,2022-02-02T00:00:00,DEN @ UTA,L,29.053333333333335,1,5,0.2,0,3,0.0,0,0,0.0,0,3,3,1,1,1,1,0,0,1,2,-6,12.1,0,0,1,148,148,148,123,232,194,251,160,128,160,157,165,157,156,117,150,169,106,60,27,1,1,140,250,216,218,27,3,1
2021-22,203210,JaMychal Green,JaMychal,1610612743,DEN,Denver Nuggets,0022100779,2022-02-02T00:00:00,DEN @ UTA,L,16.055,3,6,0.5,0,1,0.0,2,2,1.0,1,4,5,1,0,2,0,1,3,1,8,6,21.5,0,0,1,148,148,148,227,150,176,99,160,190,160,76,97,1,73,87,96,169,184,19,101,186,194,140,161,63,149,27,3,1
2021-22,202711,Bojan Bogdanovic,Bojan,1610612762,UTA,Utah Jazz,0022100779,2022-02-02T00:00:00,UTA vs. DEN,W,34.5,5,16,0.313,0,3,0.0,5,5,1.0,0,7,7,2,0,1,0,4,2,4,15,10,29.4,0,0,1,1,1,1,63,94,37,225,160,128,160,22,43,1,156,24,50,120,184,60,101,293,121,36,87,30,91,27,3,1
2021-22,1628962,Udoka Azubuike,Udoka,1610612762,UTA,Utah Jazz,0022100779,2022-02-02T00:00:00,UTA vs. DEN,W,21.683333333333334,4,7,0.571,0,0,0.0,0,0,0.0,3,7,10,0,0,0,2,1,1,0,8,11,26.0,0,0,1,1,1,1,178,121,151,67,160,237,160,157,165,157,24,24,27,234,184,155,10,186,52,217,161,26,122,27,3,1
2021-22,1626220,Royce O'Neale,Royce,1610612762,UTA,Utah Jazz,0022100779,2022-02-02T00:00:00,UTA vs. DEN,W,33.63333333333333,6,9,0.667,1,4,0.25,2,2,1.0,1,2,3,1,0,2,0,0,1,5,15,10,26.1,0,0,1,1,1,1,73,76,120,33,98,104,136,76,97,1,73,163,150,169,184,19,101,1,52,19,87,30,117,27,3,1
2021-22,1628991,Jaren Jackson Jr.,Jaren,1610612763,MEM,Memphis Grizzlies,0022100776,2022-02-02T00:00:00,MEM @ NYK,W,33.53333333333333,8,14,0.571,4,7,0.571,6,7,0.857,0,10,10,1,0,1,2,3,1,6,26,8,48.5,1,0,1,1,1,1,77,33,60,67,17,33,50,12,17,81,156,10,27,169,184,60,10,290,52,11,16,44,15,1,3,1
2021-22,1629011,Mitchell Robinson,Mitchell,1610612752,NYK,New York Knicks,0022100776,2022-02-02T00:00:00,NYK vs. MEM,L,29.9,7,8,0.875,0,0,0.0,0,1,0.0,7,4,11,1,3,0,8,0,1,1,14,1,49.7,1,0,1,148,148,148,115,52,135,9,160,237,160,157,150,157,2,87,22,169,23,155,1,1,52,140,96,127,11,1,3,1
2021-22,203944,Julius Randle,Julius,1610612752,NYK,New York Knicks,0022100776,2022-02-02T00:00:00,NYK vs. MEM,L,36.875,7,18,0.389,1,6,0.167,3,5,0.6,4,8,12,9,2,1,0,1,5,3,18,-9,46.9,1,0,1,148,148,148,36,52,23,197,98,50,151,55,43,121,18,17,17,7,56,60,101,186,277,61,63,251,19,1,3,1
2021-22,1630193,Immanuel Quickley,Immanuel,1610612752,NYK,New York Knicks,0022100776,2022-02-02T00:00:00,NYK vs. MEM,L,26.871666666666666,3,11,0.273,2,7,0.286,3,3,1.0,0,2,2,5,2,0,0,1,4,2,11,-6,18.9,0,0,1,148,148,148,134,150,94,232,57,33,131,55,75,1,156,163,191,44,56,155,101,186,249,95,127,216,168,27,3,1
2021-22,1629656,Quentin Grimes,Quentin,1610612752,NYK,New York Knicks,0022100776,2022-02-02T00:00:00,NYK vs. MEM,L,15.311666666666667,2,5,0.4,0,3,0.0,0,0,0.0,0,2,2,0,1,2,0,0,0,0,4,-8,11.4,0,0,1,148,148,148,234,186,194,187,160,128,160,157,165,157,156,163,191,234,106,19,101,1,1,217,226,238,224,27,3,1
2021-22,1629634,Brandon Clarke,Brandon,1610612763,MEM,Memphis Grizzlies,0022100776,2022-02-02T00:00:00,MEM @ NYK,W,17.933333333333334,3,7,0.429,0,0,0.0,4,6,0.667,2,5,7,0,0,1,0,1,2,3,10,7,21.4,0,0,1,1,1,1,207,150,151,167,160,237,160,38,27,107,42,61,50,234,184,60,101,186,121,61,140,55,151,27,3,1
2021-22,203500,Steven Adams,Steven,1610612763,MEM,Memphis Grizzlies,0022100776,2022-02-02T00:00:00,MEM @ NYK,W,30.066666666666666,1,4,0.25,0,0,0.0,0,0,0.0,8,5,13,4,2,0,0,0,3,2,2,5,21.6,0,0,1,1,1,1,111,232,217,235,160,237,160,157,165,157,1,61,9,56,56,155,101,1,194,95,250,79,147,27,3,1
2021-22,1629001,De'Anthony Melton,De'Anthony,1610612763,MEM,Memphis Grizzlies,0022100776,2022-02-02T00:00:00,MEM @ NYK,W,17.916666666666668,5,8,0.625,4,6,0.667,0,0,0.0,1,2,3,2,2,1,0,0,2,1,14,8,21.6,0,0,1,1,1,1,208,94,135,49,17,50,28,157,165,157,73,163,150,120,56,60,101,1,121,140,96,44,147,27,3,1
2021-22,1629628,RJ Barrett,RJ,1610612752,NYK,New York Knicks,0022100776,2022-02-02T00:00:00,NYK vs. MEM,L,38.57833333333333,7,17,0.412,1,4,0.25,8,11,0.727,0,4,4,1,3,0,1,1,2,7,23,-2,29.3,0,0,1,148,148,148,23,52,30,182,98,104,136,6,3,103,156,87,118,169,23,155,27,186,121,7,30,176,94,27,3,1
2021-22,1630217,Desmond Bane,Desmond,1610612763,MEM,Memphis Grizzlies,0022100776,2022-02-02T00:00:00,MEM @ NYK,W,33.89666666666667,4,18,0.222,4,11,0.364,1,1,1.0,1,6,7,2,2,2,2,1,2,1,13,6,34.4,0,0,1,1,1,1,71,121,23,247,17,4,101,125,150,1,73,40,50,120,56,19,10,186,121,140,107,63,66,27,3,1
2021-22,1629723,John Konchar,John,1610612763,MEM,Memphis Grizzlies,0022100776,2022-02-02T00:00:00,MEM @ NYK,W,10.903333333333334,1,1,1.0,1,1,1.0,0,0,0.0,0,2,2,2,0,0,0,0,1,0,3,-1,8.4,0,0,1,1,1,1,263,232,271,1,98,190,1,157,165,157,156,163,191,120,184,155,101,1,52,217,240,159,252,27,3,1
2021-22,202692,Alec Burks,Alec,1610612752,NYK,New York Knicks,0022100776,2022-02-02T00:00:00,NYK vs. MEM,L,13.383333333333333,0,3,0.0,0,0,0.0,4,4,1.0,0,1,1,1,1,0,1,0,2,2,4,-17,8.7,0,0,1,148,148,148,248,265,243,265,160,237,160,38,55,1,156,210,232,169,106,155,27,1,121,95,226,285,248,27,3,1
2021-22,1629630,Ja Morant,Ja,1610612763,MEM,Memphis Grizzlies,0022100776,2022-02-02T00:00:00,MEM @ NYK,W,36.78333333333333,9,27,0.333,0,6,0.0,5,8,0.625,2,2,4,9,2,3,0,5,0,4,23,13,48.3,0,0,1,1,1,1,40,22,2,209,160,50,160,22,9,118,42,163,118,7,56,7,101,294,1,36,30,21,16,27,3,1
2021-22,203095,Evan Fournier,Evan,1610612752,NYK,New York Knicks,0022100776,2022-02-02T00:00:00,NYK vs. MEM,L,32.68833333333333,11,18,0.611,8,12,0.667,0,0,0.0,0,5,5,2,3,1,0,1,1,1,30,-4,39.0,0,0,1,148,148,148,86,9,23,53,1,3,28,157,165,157,156,61,96,120,23,60,101,186,52,140,6,198,47,27,3,1
2021-22,1629726,Garrison Mathews,Garrison,1610612745,HOU,Houston Rockets,0022100777,2022-02-02T00:00:00,HOU vs. CLE,W,24.35,5,13,0.385,3,10,0.3,3,4,0.75,1,4,5,1,0,2,1,1,3,4,16,6,32.5,0,0,1,1,1,1,159,94,71,200,33,9,129,55,55,95,73,87,96,169,184,19,27,186,194,36,79,63,77,27,3,1
2021-22,202334,Ed Davis,Ed,1610612739,CLE,Cleveland Cavaliers,0022100777,2022-02-02T00:00:00,CLE @ HOU,L,4.016666666666667,0,0,0.0,0,0,0.0,0,0,0.0,0,0,0,0,2,0,0,0,4,0,0,-1,-2.0,0,0,1,148,148,148,285,265,283,265,160,237,160,157,165,157,156,264,271,234,56,155,101,1,249,217,274,159,294,27,3,1
2021-22,1630578,Alperen Sengun,Alperen,1610612745,HOU,Houston Rockets,0022100777,2022-02-02T00:00:00,HOU vs. CLE,W,24.533333333333335,2,4,0.5,0,0,0.0,5,6,0.833,2,6,8,3,4,0,1,0,3,4,9,20,22.1,0,0,1,1,1,1,156,186,217,99,160,237,160,22,27,85,42,40,37,76,9,155,27,1,194,36,154,4,144,27,3,1
2021-22,1630256,Jae'Sean Tate,Jae'Sean,1610612745,HOU,Houston Rockets,0022100777,2022-02-02T00:00:00,HOU vs. CLE,W,28.5,3,6,0.5,0,1,0.0,0,0,0.0,2,3,5,2,4,4,0,1,4,0,6,-1,23.0,0,0,1,1,1,1,129,150,176,99,160,190,160,157,165,157,42,117,96,120,9,2,101,186,249,217,190,159,137,27,3,1
2021-22,1630224,Jalen Green,Jalen,1610612745,HOU,Houston Rockets,0022100777,2022-02-02T00:00:00,HOU vs. CLE,W,35.78333333333333,6,13,0.462,3,7,0.429,6,7,0.857,0,5,5,5,0,1,1,1,3,4,21,0,40.5,0,0,1,1,1,1,48,76,71,153,33,33,86,12,17,81,156,61,96,44,184,60,27,186,194,36,44,140,41,27,3,1
2021-22,1626174,Christian Wood,Christian,1610612745,HOU,Houston Rockets,0022100777,2022-02-02T00:00:00,HOU vs. CLE,W,34.36666666666667,7,14,0.5,3,7,0.429,4,5,0.8,1,6,7,4,1,2,0,1,5,5,21,3,40.4,0,0,1,1,1,1,65,52,60,99,33,33,86,38,43,90,73,40,50,56,106,19,101,186,277,19,44,104,42,27,3,1
2021-22,1630171,Isaac Okoro,Isaac,1610612739,CLE,Cleveland Cavaliers,0022100777,2022-02-02T00:00:00,CLE @ HOU,L,32.026666666666664,5,7,0.714,1,1,1.0,0,0,0.0,0,2,2,1,0,1,1,1,3,0,11,-15,20.9,0,0,1,148,148,148,93,94,151,26,98,190,1,157,165,157,156,163,191,169,184,60,27,186,194,217,127,282,157,27,3,1
2021-22,1628386,Jarrett Allen,Jarrett,1610612739,CLE,Cleveland Cavaliers,0022100777,2022-02-02T00:00:00,CLE @ HOU,L,23.25,5,7,0.714,0,0,0.0,1,4,0.25,3,3,6,2,2,0,1,0,3,4,11,-3,22.2,0,0,1,148,148,148,171,94,151,26,160,237,160,125,55,154,24,117,71,120,56,155,27,1,194,36,127,188,141,27,3,1
2021-22,1629731,Dean Wade,Dean,1610612739,CLE,Cleveland Cavaliers,0022100777,2022-02-02T00:00:00,CLE @ HOU,L,13.2,1,1,1.0,1,1,1.0,0,0,0.0,0,1,1,1,0,1,1,0,1,0,3,-8,11.7,0,0,1,148,148,148,250,232,271,1,98,190,1,157,165,157,156,210,232,169,184,60,27,1,52,217,240,238,219,27,3,1
2021-22,201569,Eric Gordon,Eric,1610612745,HOU,Houston Rockets,0022100777,2022-02-02T00:00:00,HOU vs. CLE,W,30.4,5,12,0.417,1,7,0.143,0,0,0.0,0,2,2,3,0,0,0,0,1,1,11,-2,17.9,0,0,1,1,1,1,109,94,83,176,98,33,154,157,165,157,156,163,191,76,184,155,101,1,52,140,127,176,177,27,3,1
2021-22,1630596,Evan Mobley,Evan,1610612739,CLE,Cleveland Cavaliers,0022100777,2022-02-02T00:00:00,CLE @ HOU,L,36.333333333333336,12,20,0.6,0,1,0.0,5,9,0.556,5,7,12,2,4,1,0,0,4,7,29,-9,45.4,1,0,1,148,148,148,43,6,15,54,160,190,160,22,7,126,9,24,17,120,9,60,101,1,249,7,11,251,23,1,3,1
2021-22,201567,Kevin Love,Kevin,1610612739,CLE,Cleveland Cavaliers,0022100777,2022-02-02T00:00:00,CLE @ HOU,L,29.078333333333333,8,20,0.4,1,7,0.143,4,5,0.8,3,10,13,3,1,0,1,0,1,5,21,-11,43.1,1,0,1,148,148,148,122,33,15,187,98,33,154,38,43,90,24,10,9,76,106,155,27,1,52,19,44,264,29,1,3,1
2021-22,200765,Rajon Rondo,Rajon,1610612739,CLE,Cleveland Cavaliers,0022100777,2022-02-02T00:00:00,CLE @ HOU,L,15.406666666666666,0,2,0.0,0,1,0.0,2,2,1.0,0,4,4,5,3,1,0,0,2,1,2,-9,14.3,0,0,1,148,148,148,233,265,256,265,160,190,160,76,97,1,156,87,118,44,23,60,101,1,121,140,250,251,199,27,3,1
2021-22,1630231,Kenyon Martin Jr.,Kenyon,1610612745,HOU,Houston Rockets,0022100777,2022-02-02T00:00:00,HOU vs. CLE,W,17.8,3,5,0.6,0,2,0.0,4,6,0.667,1,1,2,0,1,1,0,0,0,4,10,12,14.4,0,0,1,1,1,1,209,150,194,54,160,155,160,38,27,107,73,210,191,234,106,60,101,1,1,36,140,25,195,27,3,1
2021-22,1629685,Dylan Windler,Dylan,1610612739,CLE,Cleveland Cavaliers,0022100777,2022-02-02T00:00:00,CLE @ HOU,L,1.2,0,0,0.0,0,0,0.0,0,0,0.0,0,0,0,0,0,0,0,0,0,0,0,2,0.0,0,0,1,148,148,148,292,265,283,265,160,237,160,157,165,157,156,264,271,234,184,155,101,1,1,217,274,116,286,27,3,1
2021-22,1630698,Kevin Pangos,Kevin,1610612739,CLE,Cleveland Cavaliers,0022100777,2022-02-02T00:00:00,CLE @ HOU,L,1.2,0,0,0.0,0,0,0.0,0,0,0.0,0,0,0,0,0,0,0,0,0,0,0,2,0.0,0,0,1,148,148,148,292,265,283,265,160,237,160,157,165,157,156,264,271,234,184,155,101,1,1,217,274,116,286,27,3,1
2021-22,1630528,Josh Christopher,Josh,1610612745,HOU,Houston Rockets,0022100777,2022-02-02T00:00:00,HOU vs. CLE,W,12.216666666666667,2,4,0.5,1,1,1.0,0,1,0.0,1,1,2,0,0,0,0,0,1,2,5,11,7.4,0,0,1,1,1,1,253,186,217,99,98,190,1,157,150,157,73,210,191,234,184,155,101,1,52,95,210,26,257,27,3,1
2021-22,1626224,Cedi Osman,Cedi,1610612739,CLE,Cleveland Cavaliers,0022100777,2022-02-02T00:00:00,CLE @ HOU,L,35.455,5,12,0.417,3,6,0.5,0,3,0.0,0,1,1,1,3,1,0,1,4,3,13,-11,15.7,0,0,1,148,148,148,57,94,83,176,33,50,56,157,75,157,156,210,232,169,23,60,101,186,249,61,107,264,189,27,3,1
2021-22,1629637,Jaxson Hayes,Jaxson,1610612740,NOP,New Orleans Pelicans,0022100766,2022-02-01T00:00:00,NOP @ DET,W,26.273333333333333,3,5,0.6,0,2,0.0,0,0,0.0,1,6,7,2,0,0,1,0,1,0,6,-9,20.4,0,0,1,1,1,1,141,150,194,54,160,155,160,157,165,157,73,40,50,120,184,155,27,1,52,217,190,251,160,27,3,1
2021-22,1630631,Jose Alvarado,Jose,1610612740,NOP,New Orleans Pelicans,0022100766,2022-02-01T00:00:00,NOP @ DET,W,19.25,4,9,0.444,2,4,0.5,0,0,0.0,0,1,1,6,1,1,0,0,3,0,10,9,22.2,0,0,1,1,1,1,197,121,120,158,57,104,56,157,165,157,156,210,232,33,106,60,101,1,194,217,140,38,141,27,3,1
2021-22,1626195,Willy Hernangomez,Willy,1610612740,NOP,New Orleans Pelicans,0022100766,2022-02-01T00:00:00,NOP @ DET,W,16.376666666666665,5,7,0.714,0,0,0.0,1,1,1.0,1,3,4,1,0,1,0,0,2,2,11,10,20.3,0,0,1,1,1,1,223,94,151,26,160,237,160,125,150,1,73,117,118,169,184,60,101,1,121,95,127,30,161,27,3,1
2021-22,1630529,Herbert Jones,Herbert,1610612740,NOP,New Orleans Pelicans,0022100766,2022-02-01T00:00:00,NOP @ DET,W,22.1,3,4,0.75,0,0,0.0,0,0,0.0,2,5,7,2,2,1,0,0,5,2,6,5,18.4,0,0,1,1,1,1,176,150,217,18,160,237,160,157,165,157,42,61,50,120,56,60,101,1,277,95,190,79,171,27,3,1
2021-22,1630530,Trey Murphy III,Trey,1610612740,NOP,New Orleans Pelicans,0022100766,2022-02-01T00:00:00,NOP @ DET,W,14.616666666666667,2,5,0.4,2,5,0.4,6,6,1.0,3,2,5,0,0,0,0,0,1,2,12,9,18.0,0,0,1,1,1,1,242,186,194,187,57,74,90,12,27,1,24,163,96,234,184,155,101,1,52,95,119,38,176,27,3,1
2021-22,202685,Jonas Valanciunas,Jonas,1610612740,NOP,New Orleans Pelicans,0022100766,2022-02-01T00:00:00,NOP @ DET,W,29.033333333333335,4,9,0.444,0,1,0.0,5,6,0.833,6,7,13,2,4,1,1,0,1,4,13,2,33.6,1,0,1,1,1,1,124,121,120,158,160,190,160,22,27,85,4,24,9,120,9,60,27,1,52,36,107,116,73,1,3,1
2021-22,1628984,Devonte' Graham,Devonte',1610612740,NOP,New Orleans Pelicans,0022100766,2022-02-01T00:00:00,NOP @ DET,W,30.816666666666666,3,14,0.214,0,5,0.0,0,0,0.0,0,1,1,5,4,1,0,2,2,2,6,-2,13.7,0,0,1,1,1,1,106,150,60,250,160,74,160,157,165,157,156,210,232,44,9,60,101,269,121,95,190,176,204,27,3,1
2021-22,1629109,Gary Clark,Gary,1610612740,NOP,New Orleans Pelicans,0022100766,2022-02-01T00:00:00,NOP @ DET,W,11.85,2,4,0.5,1,2,0.5,0,0,0.0,2,1,3,0,0,0,1,1,0,0,5,5,11.6,0,0,1,1,1,1,254,186,217,99,98,155,56,157,165,157,42,210,150,234,184,155,27,186,1,217,210,79,222,27,3,1
2021-22,202066,Garrett Temple,Garrett,1610612740,NOP,New Orleans Pelicans,0022100766,2022-02-01T00:00:00,NOP @ DET,W,18.016666666666666,0,3,0.0,0,2,0.0,2,2,1.0,0,1,1,0,0,0,0,0,1,1,2,0,3.2,0,0,1,1,1,1,205,265,243,265,160,155,160,76,97,1,156,210,232,234,184,155,101,1,52,140,250,140,277,27,3,1
2021-22,1627742,Brandon Ingram,Brandon,1610612740,NOP,New Orleans Pelicans,0022100766,2022-02-01T00:00:00,NOP @ DET,W,32.333333333333336,8,18,0.444,1,1,1.0,9,10,0.9,0,3,3,4,0,1,1,0,1,8,26,15,41.6,0,0,1,1,1,1,90,33,23,158,98,190,1,3,4,74,156,117,150,56,184,60,27,1,52,3,16,12,35,27,3,1
2021-22,1629638,Nickeil Alexander-Walker,Nickeil,1610612740,NOP,New Orleans Pelicans,0022100766,2022-02-01T00:00:00,NOP @ DET,W,19.333333333333332,5,11,0.455,2,6,0.333,2,3,0.667,1,0,1,2,4,2,1,0,0,4,14,6,23.2,0,0,1,1,1,1,196,94,94,154,57,50,102,76,75,107,73,264,232,120,9,19,27,1,1,36,96,63,135,27,3,1
2021-22,203507,Giannis Antetokounmpo,Giannis,1610612749,MIL,Milwaukee Bucks,0022100768,2022-02-01T00:00:00,MIL vs. WAS,W,37.96333333333333,14,21,0.667,0,3,0.0,5,5,1.0,2,13,15,11,2,0,2,0,3,5,33,14,71.5,1,1,1,1,1,1,28,3,11,33,160,128,160,22,43,1,42,3,6,3,56,155,10,1,194,19,4,16,1,1,1,1
2021-22,202083,Wesley Matthews,Wesley,1610612749,MIL,Milwaukee Bucks,0022100768,2022-02-01T00:00:00,MIL vs. WAS,W,14.383333333333333,1,6,0.167,0,4,0.0,0,0,0.0,0,1,1,0,0,1,0,1,2,1,2,-7,6.2,0,0,1,1,1,1,245,232,176,260,160,104,160,157,165,157,156,210,232,234,184,60,101,186,121,140,250,224,265,27,3,1
2021-22,1630572,Sandro Mamukelashvili,Sandro,1610612749,MIL,Milwaukee Bucks,0022100768,2022-02-01T00:00:00,MIL vs. WAS,W,4.428333333333334,1,2,0.5,0,1,0.0,0,0,0.0,0,1,1,0,0,0,0,0,0,0,2,4,3.2,0,0,1,1,1,1,284,232,256,99,160,190,160,157,165,157,156,210,232,234,184,155,101,1,1,217,250,88,277,27,3,1
2021-22,1628978,Donte DiVincenzo,Donte,1610612749,MIL,Milwaukee Bucks,0022100768,2022-02-01T00:00:00,MIL vs. WAS,W,19.92,3,5,0.6,1,2,0.5,0,0,0.0,1,1,2,2,1,1,0,1,2,1,7,-5,14.4,0,0,1,1,1,1,188,150,194,54,98,155,56,157,165,157,73,210,191,120,106,60,101,186,121,140,176,208,195,27,3,1
2021-22,1626192,Pat Connaughton,Pat,1610612749,MIL,Milwaukee Bucks,0022100768,2022-02-01T00:00:00,MIL vs. WAS,W,24.72,2,7,0.286,2,6,0.333,0,0,0.0,0,2,2,0,0,1,0,0,1,1,6,-11,11.4,0,0,1,1,1,1,154,186,151,227,57,50,102,157,165,157,156,163,191,234,184,60,101,1,52,140,190,264,224,27,3,1
2021-22,203114,Khris Middleton,Khris,1610612749,MIL,Milwaukee Bucks,0022100768,2022-02-01T00:00:00,MIL vs. WAS,W,35.385,4,12,0.333,2,7,0.286,3,4,0.75,1,4,5,3,1,1,0,1,3,5,13,18,25.5,0,0,1,1,1,1,59,121,83,209,57,33,131,55,55,95,73,87,96,76,106,60,101,186,194,19,107,9,125,27,3,1
2021-22,1626171,Bobby Portis,Bobby,1610612749,MIL,Milwaukee Bucks,0022100768,2022-02-01T00:00:00,MIL vs. WAS,W,34.95,8,14,0.571,1,5,0.2,0,0,0.0,0,7,7,2,1,0,0,1,2,0,17,21,27.4,0,0,1,1,1,1,62,33,60,67,98,74,145,157,165,157,156,24,50,120,106,155,101,186,121,217,72,2,110,27,3,1
2021-22,1628960,Grayson Allen,Grayson,1610612749,MIL,Milwaukee Bucks,0022100768,2022-02-01T00:00:00,MIL vs. WAS,W,31.783333333333335,4,9,0.444,2,5,0.4,0,0,0.0,2,4,6,6,1,1,0,0,0,2,10,17,28.2,0,0,1,1,1,1,96,121,120,158,57,74,90,157,165,157,42,87,71,33,106,60,101,1,1,95,140,10,104,27,3,1
2021-22,201950,Jrue Holiday,Jrue,1610612749,MIL,Milwaukee Bucks,0022100768,2022-02-01T00:00:00,MIL vs. WAS,W,36.46666666666667,9,16,0.563,4,5,0.8,0,0,0.0,2,3,5,2,3,2,0,1,4,1,22,19,34.0,0,0,1,1,1,1,41,22,37,80,17,74,21,157,165,157,42,117,96,120,23,19,101,186,249,140,38,7,70,27,3,1
